board	status	fdt_bytes	fit_created	streamed_compressed_bytes	sha256	image	alias
radxa-cm4-io	CLEAN	20092	Fri Feb  6 19:44:21 2026	13204766	624e5f80151478b3bdffb4cfdc0f4fd2fd020766585444a5551c853b16282239	Armbian_26.2.1_Radxa-cm4-io_sid_vendor_6.1.115-kali.img.xz	radxa-cm4-io/Sid_vendor_server-kali
radxa-cm4-io	CLEAN	20092	Fri Feb  6 19:44:21 2026	13270290	925a8c073517a9e8fe82df72ca9d7798d7ab72753b06d2f85144093b7dd9742f	Armbian_26.2.1_Radxa-cm4-io_trixie_vendor_6.1.115-homeassistant.img.xz	radxa-cm4-io/Trixie_vendor_server-homeassistant
radxa-cm4-io	CLEAN	20092	Fri Feb  6 19:44:21 2026	13057553	2d39a576f71075c89123451deee9d5859ab59c748178c20688c9cbb022f1e4aa	Armbian_26.2.1_Radxa-cm4-io_trixie_vendor_6.1.115-omv_minimal.img.xz	radxa-cm4-io/Trixie_vendor_minimal-omv
radxa-cm4-io	CLEAN	20092	Fri Feb  6 19:44:21 2026	13221143	10a255ce19a4a3011524d0cdc452b2709b75088239c5eba5b326c3a071dcef1b	Armbian_26.2.1_Radxa-cm4-io_trixie_vendor_6.1.115-openhab.img.xz	radxa-cm4-io/Trixie_vendor_server-openhab
radxa-cm4-io	CLEAN	20092	Sun May 24 01:01:58 2026	12746752	971b0341b7ec2c03b55caa8263681c1a6c4a858c51c585f90afcef865534cb54	Armbian_26.5.1_Radxa-cm4-io_resolute_vendor_6.1.115_gnome_desktop.img.xz	radxa-cm4-io/Resolute_vendor_gnome
radxa-cm4-io	CLEAN	20092	Sun May 24 01:01:58 2026	12730368	c8c62869bd8b5269b4f5043fe2db2ee9921f697ac95a2a7ecf79868069d8baaf	Armbian_26.5.1_Radxa-cm4-io_resolute_vendor_6.1.115_kde-plasma_desktop.img.xz	radxa-cm4-io/Resolute_vendor_kde-plasma
radxa-cm4-io	CLEAN	20092	Sun May 24 01:01:58 2026	12730368	db9cfdf64c107a9425e9bdac474ae3fa1597e1ea57e7e03f9bb77b6478e9bd46	Armbian_26.5.1_Radxa-cm4-io_resolute_vendor_6.1.115_minimal.img.xz	radxa-cm4-io/Resolute_vendor_minimal
radxa-cm4-io	CLEAN	20092	Sun May 24 01:01:58 2026	12713984	0a0de8e26466ab3413a6b912c12a7090a29dac06691fd271fa3d8ea6c004a0d2	Armbian_26.5.1_Radxa-cm4-io_trixie_vendor_6.1.115_minimal.img.xz	radxa-cm4-io/Trixie_vendor_minimal
radxa-cm4-io	CLEAN	20092	Sat Jul 11 23:47:28 2026	12976128	414b23a4ba492cb27a48bede907e8bbadf3e24cfac0ac7ba3d66e2a9cac13a34	Armbian_26.8.0-trunk.400_Radxa-cm4-io_forky_vendor_6.1.115_minimal.img.xz	nightly/radxa-cm4-io/Forky_vendor_minimal
radxa-cm4-io	CLEAN	20092	Sat Jul 11 23:47:28 2026	14064133	5833ecd402057ef28367cdc31a71c99cf4394ad62f7c0071a40f0728e8fa6abc	Armbian_26.8.0-trunk.400_Radxa-cm4-io_resolute_vendor_6.1.115_gnome_desktop.img.xz	nightly/radxa-cm4-io/Resolute_vendor_gnome
radxa-cm5-io	CLEAN	30240	Fri Feb  6 19:41:40 2026	13991198	0e5cab933d7b2a4ce5fec17466762efc60de760c4730cdb27602fe430cdc7763	Armbian_26.2.1_Radxa-cm5-io_sid_vendor_6.1.115-kali.img.xz	radxa-cm5-io/Sid_vendor_server-kali
radxa-cm5-io	CLEAN	30240	Fri Feb  6 19:41:40 2026	15794176	8afe57cf1820e9a94156f48c22f319355e5df31a00f210b0fb04795d5e257294	Armbian_26.2.1_Radxa-cm5-io_trixie_vendor_6.1.115-homeassistant.img.xz	radxa-cm5-io/Trixie_vendor_server-homeassistant
radxa-cm5-io	CLEAN	30240	Fri Feb  6 19:41:40 2026	13402112	d29f5e010718c59d12d648e7d7b845b168f25888c34cd1ee7a3fc368020bab36	Armbian_26.2.1_Radxa-cm5-io_trixie_vendor_6.1.115-omv_minimal.img.xz	radxa-cm5-io/Trixie_vendor_minimal-omv
radxa-cm5-io	CLEAN	30240	Fri Feb  6 19:41:40 2026	13107200	9138e917bfe7f1958a880337e9f551b0411c290cd483bff3f5ea8f37dfe3fcf0	Armbian_26.2.1_Radxa-cm5-io_trixie_vendor_6.1.115-openhab.img.xz	radxa-cm5-io/Trixie_vendor_server-openhab
radxa-cm5-io	BROKEN	0	Sun May 24 01:00:10 2026	12730368	a1e8bae0e01fd42e653f08b8c2c85f7ddf3438ddc95b5340481dbf105c975397	Armbian_26.5.1_Radxa-cm5-io_resolute_vendor_6.1.115_gnome_desktop.img.xz	radxa-cm5-io/Resolute_vendor_gnome
radxa-cm5-io	BROKEN	0	Sun May 24 01:00:10 2026	12730368	b9e44fe682e7097a343bb22f90fe5788b4600b0a81aa2f4ab1d7ae7e52b93ff7	Armbian_26.5.1_Radxa-cm5-io_resolute_vendor_6.1.115_kde-plasma_desktop.img.xz	radxa-cm5-io/Resolute_vendor_kde-plasma
radxa-cm5-io	BROKEN	0	Sun May 24 01:00:10 2026	12730368	ef8bbbc9d3b807b7ab7c8bc80d848b9a97aef225eea61189655e413af52b1961	Armbian_26.5.1_Radxa-cm5-io_resolute_vendor_6.1.115_minimal.img.xz	radxa-cm5-io/Resolute_vendor_minimal
radxa-cm5-io	BROKEN	0	Sun May 24 01:00:10 2026	12615680	cd24c725179358e2a08e8e9a71120e0340abd39e80d6252f1d034248c7070662	Armbian_26.5.1_Radxa-cm5-io_trixie_vendor_6.1.115_minimal.img.xz	radxa-cm5-io/Trixie_vendor_minimal
radxa-cm5-io	CLEAN	30216	Sat Jul 11 23:37:19 2026	15564800	3e1cd4792775dfbdab433fa08b0758449626407110c4e54016b8706254cc2257	Armbian_26.8.0-trunk.400_Radxa-cm5-io_forky_vendor_6.1.115_minimal.img.xz	nightly/radxa-cm5-io/Forky_vendor_minimal
radxa-cm5-io	CLEAN	30216	Sat Jul 11 23:37:19 2026	14236933	71dddaea95a1f3b328593712ad3b466464ebcf77354a4f4abf35fc3c7318ccf1	Armbian_26.8.0-trunk.400_Radxa-cm5-io_resolute_vendor_6.1.115_gnome_desktop.img.xz	nightly/radxa-cm5-io/Resolute_vendor_gnome
radxa-e20c	CLEAN	9178	Thu Jul 16 19:44:59 2026	13237729	59ec8b5cafcacb1ec24c2e1c423417ff49b346bb35d03d939e708529ca84f513	Armbian_community_26.8.0-trunk.413_Radxa-e20c_resolute_vendor_6.1.115_gnome_desktop.img.xz	radxa-e20c/Resolute_vendor_gnome
radxa-e20c	CLEAN	9178	Thu Jul 16 19:44:59 2026	12759947	b1f4aa7760ef0ae36aa082bfea41f1ec1b62f0415e74aa9343b2b71e44c4bba1	Armbian_community_26.8.0-trunk.413_Radxa-e20c_resolute_vendor_6.1.115_kde-plasma_desktop.img.xz	radxa-e20c/Resolute_vendor_kde-plasma
radxa-e20c	CLEAN	9178	Thu Jul 16 19:44:59 2026	13089939	da787eff443880a058c3861e870c4a32ee1f6215c046b8d3b4fb506418fd8463	Armbian_community_26.8.0-trunk.413_Radxa-e20c_trixie_vendor_6.1.115_minimal.img.xz	radxa-e20c/Trixie_vendor_minimal
radxa-e24c	CLEAN	10624	Mon Feb  2 21:18:37 2026	12730368	be0fad58ddc7cedb1353fdf592e2076c5e533d94d7105f18c4e7512bf93edfe3	Armbian_26.2.1_Radxa-e24c_noble_vendor_6.1.115_gnome_desktop.img.xz	radxa-e24c/Noble_vendor_gnome
radxa-e24c	CLEAN	10624	Mon Feb  2 21:18:37 2026	12730368	0e4eefd1b3dd4dea586a31ff5dda7e7530aa168c7416b06fe0b3296373715764	Armbian_26.2.1_Radxa-e24c_noble_vendor_6.1.115_kde-neon_desktop.img.xz	radxa-e24c/Noble_vendor_kde-neon
radxa-e24c	CLEAN	10624	Mon Feb  2 21:18:37 2026	12730368	70fb737d1f7baea5c043a064db17b13c704ea4f54023c870b1ac40eb017b53b6	Armbian_26.2.1_Radxa-e24c_noble_vendor_6.1.115_minimal.img.xz	radxa-e24c/Noble_vendor_minimal
radxa-e24c	BROKEN	0	Fri Feb  6 19:49:26 2026	12845056	4bd1ffaa31b28468d66e357e231b9415f33f76b64214b879e4ce9b0c4c759246	Armbian_26.2.1_Radxa-e24c_sid_vendor_6.1.115-kali.img.xz	radxa-e24c/Sid_vendor_server-kali
radxa-e24c	BROKEN	0	Fri Feb  6 19:49:26 2026	13728045	04d9081f8bebd369135d80314315fac0809ff06f1920b635fe499372d863b3c6	Armbian_26.2.1_Radxa-e24c_trixie_vendor_6.1.115-homeassistant.img.xz	radxa-e24c/Trixie_vendor_server-homeassistant
radxa-e24c	BROKEN	0	Fri Feb  6 19:49:26 2026	13205504	ff2dc8125b4b5edc7febcd01af58553eb7ed7b6124272487d3bdf2789e16e113	Armbian_26.2.1_Radxa-e24c_trixie_vendor_6.1.115-omv_minimal.img.xz	radxa-e24c/Trixie_vendor_minimal-omv
radxa-e24c	BROKEN	0	Fri Feb  6 19:49:26 2026	12959001	38d39f7e9ee00e5c588b2357d1759a78d1f217826d851b5cb8497bb81d1a3988	Armbian_26.2.1_Radxa-e24c_trixie_vendor_6.1.115-openhab.img.xz	radxa-e24c/Trixie_vendor_server-openhab
radxa-e24c	CLEAN	10624	Mon Feb  2 21:18:37 2026	12730368	b55071b73c836e4b23bc7d67243ce336ba63d7a6e71b9a25ab10446f60d7755a	Armbian_26.2.1_Radxa-e24c_trixie_vendor_6.1.115_minimal.img.xz	radxa-e24c/Trixie_vendor_minimal
radxa-e24c	INDETERMINATE	-	Thu Apr 23 20:03:21 2026	12730368	66b44327f56723f737e5593fd1679683a9cbb2b2d9b80043ca4a41ffcb576e32	Armbian_26.2.5_Radxa-e24c_resolute_edge_7.0.1_minimal.img.xz	radxa-e24c/Resolute_edge_minimal
radxa-e24c	CLEAN	10624	Fri Apr 17 22:17:44 2026	12730368	bc5ed0528a892fb34cea091eddb1334e24d2bd22e6f5461e595aa05fa8805c8a	Armbian_26.2.5_Radxa-e24c_resolute_vendor_6.1.115_minimal.img.xz	radxa-e24c/Resolute_vendor_minimal
radxa-e24c	CLEAN	10624	Tue Jul  7 22:42:44 2026	13090065	1c941d50e56bca721cc53948cb74304475ae4cd23b65831da04b39a33c6c6cad	Armbian_26.8.0-trunk.400_Radxa-e24c_forky_vendor_6.1.115_minimal.img.xz	nightly/radxa-e24c/Forky_vendor_minimal
radxa-e24c	CLEAN	10624	Tue Jul  7 22:42:44 2026	12893447	449d8ad273c4d37b771b7091313b550f0b1521e43d87e3db5b21b6f6bcb4c660	Armbian_26.8.0-trunk.400_Radxa-e24c_resolute_vendor_6.1.115_gnome_desktop.img.xz	nightly/radxa-e24c/Resolute_vendor_gnome
radxa-e25	CLEAN	23956	Mon Feb  2 23:30:53 2026	12730368	912058aad36eaa298648a796bd54f184fc64859abbd2be5ba837d3668f90664d	Armbian_26.2.1_Radxa-e25_noble_current_6.18.8_gnome_desktop.img.xz	radxa-e25/Noble_current_gnome
radxa-e25	CLEAN	23956	Mon Feb  2 23:30:53 2026	12730368	e64da6c184cc7bb978fa9e65e626bde129f010220eb19a15e81e73d14ea6258e	Armbian_26.2.1_Radxa-e25_noble_current_6.18.8_kde-neon_desktop.img.xz	radxa-e25/Noble_current_kde-neon
radxa-e25	CLEAN	23956	Mon Feb  2 23:30:53 2026	12730368	451bed7575c3ee6d2caec7f4101d812f0377120153f5b5011cef4b327a869060	Armbian_26.2.1_Radxa-e25_noble_current_6.18.8_minimal.img.xz	radxa-e25/Noble_current_minimal
radxa-e25	CLEAN	23956	Mon Feb  2 21:24:07 2026	12730368	467fb40ef1dca33436649579a79fd253dc055537f8b5b68894b8fe452624b57e	Armbian_26.2.1_Radxa-e25_noble_vendor_6.1.115_gnome_desktop.img.xz	radxa-e25/Noble_vendor_gnome
radxa-e25	CLEAN	23956	Mon Feb  2 21:24:07 2026	12730368	e60067a0e6fae45153af3262eb85a3848b9fb4b71904a3bcfcb117148c146fe3	Armbian_26.2.1_Radxa-e25_noble_vendor_6.1.115_kde-neon_desktop.img.xz	radxa-e25/Noble_vendor_kde-neon
radxa-e25	CLEAN	23956	Mon Feb  2 21:24:07 2026	12730368	4e643eeee58ebf63bb6869ac7bb601f6eed34b60e8f240918880924d149b97b1	Armbian_26.2.1_Radxa-e25_noble_vendor_6.1.115_minimal.img.xz	radxa-e25/Noble_vendor_minimal
radxa-e25	CLEAN	23956	Fri Feb  6 19:50:55 2026	14893056	7ee4d8796fc36842cb5c74166a91cb80bc87ee1ffaac60c478b7027ed0c31d0e	Armbian_26.2.1_Radxa-e25_sid_current_6.18.10-kali.img.xz	radxa-e25/Sid_current_server-kali
radxa-e25	CLEAN	23956	Fri Feb  6 19:50:55 2026	14860288	d7f62b8497bd8f84bad89bd97ab28cfdf0f104f24c3e11bc9a0bf829c36c5a2f	Armbian_26.2.1_Radxa-e25_trixie_current_6.18.10-homeassistant.img.xz	radxa-e25/Trixie_current_server-homeassistant
radxa-e25	CLEAN	23956	Fri Feb  6 19:50:55 2026	13058048	626521d8910d2c783bbbf5f014a66135639dcd192b9ab45926e6230060f9c30f	Armbian_26.2.1_Radxa-e25_trixie_current_6.18.10-omv_minimal.img.xz	radxa-e25/Trixie_current_minimal-omv
radxa-e25	CLEAN	23956	Fri Feb  6 19:50:55 2026	13189120	510f9c0a236adb3e2f4d7e9f63690f89972e16e4e265fb5e5d0579fd1e25a034	Armbian_26.2.1_Radxa-e25_trixie_current_6.18.10-openhab.img.xz	radxa-e25/Trixie_current_server-openhab
radxa-e25	CLEAN	23956	Mon Feb  2 23:30:53 2026	12730368	0d29202c0de901513a28f15a3dfdb4e86bff7e8a1d3b73ba61fd54631b19ac36	Armbian_26.2.1_Radxa-e25_trixie_current_6.18.8_minimal.img.xz	radxa-e25/Trixie_current_minimal
radxa-e25	CLEAN	23956	Mon Feb  2 21:24:07 2026	12730368	40139442b341c4c1d606d4070fde37ad3b1929c9cbc0aefba7d838e77b982981	Armbian_26.2.1_Radxa-e25_trixie_vendor_6.1.115_minimal.img.xz	radxa-e25/Trixie_vendor_minimal
radxa-e25	CLEAN	23956	Fri Apr 17 22:06:11 2026	12730368	e1991f33445136a3ad9b04f25556f2f2fcffe337555c6bece61b709f0096d59a	Armbian_26.2.5_Radxa-e25_resolute_current_6.18.24_minimal.img.xz	radxa-e25/Resolute_current_minimal
radxa-e25	CLEAN	23956	Tue Jul  7 22:58:02 2026	12966016	d06adce22f4df57dec0e9744206a1e8c1249bad33f3428307101017aed80b772	Armbian_26.8.0-trunk.400_Radxa-e25_forky_current_6.18.38_minimal.img.xz	nightly/radxa-e25/Forky_current_minimal
radxa-e25	CLEAN	23956	Tue Jul  7 22:58:02 2026	14860288	ff8356b0fc26e55f29c84a96076075b5456fea3547072aa1d897c4827b8573ce	Armbian_26.8.0-trunk.400_Radxa-e25_resolute_current_6.18.38_gnome_desktop.img.xz	nightly/radxa-e25/Resolute_current_gnome
radxa-e52c	INDETERMINATE	-	Sun Feb  8 15:49:46 2026	13631488	fdfe88ecc1015de7a13d1f91993e632e645e2f55851e7f241752053bc0865b58	Armbian_26.2.1_Radxa-e52c_sid_current_6.18.10-kali.img.xz	radxa-e52c/Sid_current_server-kali
radxa-e52c	INDETERMINATE	-	Sun Feb  8 15:49:46 2026	13565952	5a296240dcc61ed5aa775b8c6d6ef0a91af0ec4b79b735f61ad88deea6d76e0b	Armbian_26.2.1_Radxa-e52c_trixie_current_6.18.10-homeassistant.img.xz	radxa-e52c/Trixie_current_server-homeassistant
radxa-e52c	INDETERMINATE	-	Sun Feb  8 15:49:46 2026	13090816	197b46f8a047f270f5d0aaf9edd59665da74a5dd6aefb29389949847beacef96	Armbian_26.2.1_Radxa-e52c_trixie_current_6.18.10-omv_minimal.img.xz	radxa-e52c/Trixie_current_minimal-omv
radxa-e52c	INDETERMINATE	-	Sun Feb  8 15:49:46 2026	14090240	b7a7958f7e62f0bf36c2969d065d5c4325e5f38cae55fbe6916ebc8a1d805d25	Armbian_26.2.1_Radxa-e52c_trixie_current_6.18.10-openhab.img.xz	radxa-e52c/Trixie_current_server-openhab
radxa-e52c	INDETERMINATE	-	Sat May 23 22:25:12 2026	12730368	1438f61f875ba5f01a4d538a8f5ae3695837b96f1e625e72964e89310efd7c71	Armbian_26.5.1_Radxa-e52c_resolute_current_6.18.33_minimal.img.xz	radxa-e52c/Resolute_current_minimal
radxa-e52c	CLEAN	11335	Sun May 24 02:56:39 2026	12746752	2118b36bf3fb9a1f1d8083f18a3115312ded5b26ff47df91fb0510d8d699117a	Armbian_26.5.1_Radxa-e52c_resolute_vendor_6.1.115_minimal.img.xz	radxa-e52c/Resolute_vendor_minimal
radxa-e52c	INDETERMINATE	-	Sat May 23 22:25:12 2026	12730368	90250049e28a2539ee30ca340b0f761cb25d9e359ab318ee494da855dfdf7fd4	Armbian_26.5.1_Radxa-e52c_trixie_current_6.18.33_minimal.img.xz	radxa-e52c/Trixie_current_minimal
radxa-e52c	CLEAN	11335	Sun May 24 02:56:39 2026	12730368	b48cd025c087e9efd9abe648d9964ba51001a0cb08bbc96ab8ef2b573116f989	Armbian_26.5.1_Radxa-e52c_trixie_vendor_6.1.115_minimal.img.xz	radxa-e52c/Trixie_vendor_minimal
radxa-e52c	INDETERMINATE	-	Wed Jul 15 17:52:11 2026	13286672	5397b73a8c06b58ea78a251f7d116ce5f519c3f5f1d4a03445677ba539b3149f	Armbian_26.8.0-trunk.400_Radxa-e52c_forky_current_6.18.38_minimal.img.xz	nightly/radxa-e52c/Forky_current_minimal
radxa-e52c	INDETERMINATE	-	Wed Jul 15 17:52:11 2026	13762560	e40ac30fd3c6bc886f7481aa5046f00402bec426c33b404533762f344f42be86	Armbian_26.8.0-trunk.400_Radxa-e52c_resolute_current_6.18.38_minimal.img.xz	nightly/radxa-e52c/Resolute_current_minimal
radxa-e54c	CLEAN	10419	Fri Feb  6 19:48:19 2026	13058048	e36289ca83a4f20b4c8623db44ee54b75525e4e98f15002e7dd30b797f0ab9af	Armbian_26.2.1_Radxa-e54c_sid_vendor_6.1.115-kali.img.xz	radxa-e54c/Sid_vendor_server-kali
radxa-e54c	CLEAN	10419	Fri Feb  6 19:48:19 2026	12860692	573e3e19a5d3bb4d448b97af0d251e465478571926a23c2294b58eb553e2ebaf	Armbian_26.2.1_Radxa-e54c_trixie_vendor_6.1.115-homeassistant.img.xz	radxa-e54c/Trixie_vendor_server-homeassistant
radxa-e54c	CLEAN	10419	Fri Feb  6 19:48:19 2026	13303808	cd4fe91997683f545ad36f7e5615e134455972970956992137a0df141779305a	Armbian_26.2.1_Radxa-e54c_trixie_vendor_6.1.115-omv_minimal.img.xz	radxa-e54c/Trixie_vendor_minimal-omv
radxa-e54c	CLEAN	10419	Fri Feb  6 19:48:19 2026	12991112	393cdaa229bdd532c66a61a8d612bde41b9f143449b46ac4e211898e52d305fc	Armbian_26.2.1_Radxa-e54c_trixie_vendor_6.1.115-openhab.img.xz	radxa-e54c/Trixie_vendor_server-openhab
radxa-e54c	CLEAN	10419	Sun May 24 01:01:28 2026	12730368	773953f175e5a2a063b227cf71d4e6a35d470e3e0fcc962f860eb79c1926934f	Armbian_26.5.1_Radxa-e54c_resolute_vendor_6.1.115_gnome_desktop.img.xz	radxa-e54c/Resolute_vendor_gnome
radxa-e54c	CLEAN	10419	Sun May 24 01:01:28 2026	12730368	bb51a5635f9539b08f58ee995654a37b1c35d512fb201c945177f7820f86d996	Armbian_26.5.1_Radxa-e54c_resolute_vendor_6.1.115_kde-plasma_desktop.img.xz	radxa-e54c/Resolute_vendor_kde-plasma
radxa-e54c	CLEAN	10419	Sun May 24 01:01:28 2026	12730368	4e0d03370d89233a8d74e5d1d9e9763b6ee293e7c93ba6a0c2d7331756668505	Armbian_26.5.1_Radxa-e54c_resolute_vendor_6.1.115_minimal.img.xz	radxa-e54c/Resolute_vendor_minimal
radxa-e54c	CLEAN	10419	Sun May 24 01:01:28 2026	12730368	c419fcc442b2f53eb633f80dc281757357a5986a5d726c28a1a0d56970088ea7	Armbian_26.5.1_Radxa-e54c_trixie_vendor_6.1.115_minimal.img.xz	radxa-e54c/Trixie_vendor_minimal
radxa-e54c	CLEAN	10419	Tue Jul  7 23:23:37 2026	13073681	df5e3e5b371da78ac828a103102704fa477ebe1b861391f8ea61e2204065455d	Armbian_26.8.0-trunk.400_Radxa-e54c_forky_vendor_6.1.115_minimal.img.xz	nightly/radxa-e54c/Forky_vendor_minimal
radxa-e54c	CLEAN	10419	Tue Jul  7 23:23:37 2026	13500416	8ee04eacbf8f46c52feec7ee679c6b7ff03c9b5d5904bab803db2fd5ddeb3f10	Armbian_26.8.0-trunk.400_Radxa-e54c_resolute_vendor_6.1.115_gnome_desktop.img.xz	nightly/radxa-e54c/Resolute_vendor_gnome
radxa-rock-4d	INDETERMINATE	-	Mon Mar  2 09:05:56 2026	12730368	791ae1e7cdad5a99d91d1eb86e84777ff05d513452eecf13d1036cd181eec574	Armbian_26.2.1_Radxa-rock-4d_noble_edge_6.19.5_gnome_desktop.img.xz	radxa-rock-4d/Noble_edge_gnome
radxa-rock-4d	INDETERMINATE	-	Mon Mar  2 09:05:56 2026	12730368	0f3c423468ac51005f4a3b000c4cbd951ebed5b17fd947b2430f69e28b6fb47a	Armbian_26.2.1_Radxa-rock-4d_noble_edge_6.19.5_kde-neon_desktop.img.xz	radxa-rock-4d/Noble_edge_kde-neon
radxa-rock-4d	INDETERMINATE	-	Mon Mar  2 09:05:56 2026	12664832	d374f042238d588d08007e74530d2fe11c07c9dd583b6dd1360e642ede027215	Armbian_26.2.1_Radxa-rock-4d_noble_edge_6.19.5_minimal.img.xz	radxa-rock-4d/Noble_edge_minimal
radxa-rock-4d	CLEAN	12509	Mon Feb  2 21:25:10 2026	12730368	7b9290484df05dd94a1179129b19917d8937b66dc8c1faaab6b35ae39401639d	Armbian_26.2.1_Radxa-rock-4d_noble_vendor_6.1.115_gnome_desktop.img.xz	radxa-rock-4d/Noble_vendor_gnome
radxa-rock-4d	CLEAN	12509	Mon Feb  2 21:25:10 2026	12730368	2e93cd0fec7c5525f158baf48075dd7d4abd59e9ca4549ee9a479f40921ce98c	Armbian_26.2.1_Radxa-rock-4d_noble_vendor_6.1.115_kde-neon_desktop.img.xz	radxa-rock-4d/Noble_vendor_kde-neon
radxa-rock-4d	CLEAN	12509	Mon Feb  2 21:25:10 2026	12730368	107d95b057c98d2942c563802b3ae27244897ae440c9a23f2a68b32197ea4eca	Armbian_26.2.1_Radxa-rock-4d_noble_vendor_6.1.115_minimal.img.xz	radxa-rock-4d/Noble_vendor_minimal
radxa-rock-4d	CLEAN	12509	Fri Feb  6 19:41:34 2026	13030813	02f56ef329c769a658992bccc3a0b172a84252280cc11472acd8dcb480a0d25e	Armbian_26.2.1_Radxa-rock-4d_sid_vendor_6.1.115-kali.img.xz	radxa-rock-4d/Sid_vendor_server-kali
radxa-rock-4d	INDETERMINATE	-	Mon Mar  2 09:05:56 2026	12730368	299b07a8fd0266012f8a091f863f94d20d28d1bdd604751b94bab4cd2e9d53a7	Armbian_26.2.1_Radxa-rock-4d_trixie_edge_6.19.5_minimal.img.xz	radxa-rock-4d/Trixie_edge_minimal
radxa-rock-4d	CLEAN	12509	Fri Feb  6 19:41:34 2026	13041664	c4ffa2feea8611ccc76c143f40ca09794a0ab631ca4f982cbc428951307359c8	Armbian_26.2.1_Radxa-rock-4d_trixie_vendor_6.1.115-homeassistant.img.xz	radxa-rock-4d/Trixie_vendor_server-homeassistant
radxa-rock-4d	CLEAN	12509	Fri Feb  6 19:41:34 2026	12992512	eb2ae3fad86ba2ecd467b81d983e3eb83ad5747beaa0661ba347dedd384963a2	Armbian_26.2.1_Radxa-rock-4d_trixie_vendor_6.1.115-omv_minimal.img.xz	radxa-rock-4d/Trixie_vendor_minimal-omv
radxa-rock-4d	CLEAN	12509	Fri Feb  6 19:41:34 2026	12812288	4022da656cc1fa3f41a7358bae824e1f413fef356440900acc63d3c7a1a8be67	Armbian_26.2.1_Radxa-rock-4d_trixie_vendor_6.1.115-openhab.img.xz	radxa-rock-4d/Trixie_vendor_server-openhab
radxa-rock-4d	CLEAN	12509	Mon Feb  2 21:25:10 2026	12730368	cf4f1719eb871282fe630e2082d35563f28d7776991042074bf952648eba80c5	Armbian_26.2.1_Radxa-rock-4d_trixie_vendor_6.1.115_minimal.img.xz	radxa-rock-4d/Trixie_vendor_minimal
radxa-rock-4d	INDETERMINATE	-	Fri Apr 24 19:50:17 2026	12730368	0cbff8307634b29c6ba92d9205b74e42c931203b0049ced18ff37db62f613003	Armbian_26.2.5_Radxa-rock-4d_resolute_edge_7.0.1_minimal.img.xz	radxa-rock-4d/Resolute_edge_minimal
radxa-rock-4d	INDETERMINATE	-	Wed Jul 15 17:52:21 2026	13531840	96a78d1168cb8bd9cd658789387be14d4d02ed9571424f05092241cf51d504d9	Armbian_26.8.0-trunk.400_Radxa-rock-4d_forky_edge_7.1.3_minimal.img.xz	nightly/radxa-rock-4d/Forky_edge_minimal
radxa-rock-4d	INDETERMINATE	-	Wed Jul 15 17:52:21 2026	12942600	e7f508face7cfde7d0e0547b95ab9a47a8551fd7f9723cd7895672443c81ecc8	Armbian_26.8.0-trunk.400_Radxa-rock-4d_resolute_edge_7.1.3_gnome_desktop.img.xz	nightly/radxa-rock-4d/Resolute_edge_gnome
radxa-zero3	CLEAN	77080,75880	Fri Feb  6 19:41:45 2026	12730368	6b0bcf2e8e0fbed6f4f74e5c21f724d7885b3041fd3ba2d8f1161341cb6390f9	Armbian_26.2.1_Radxa-zero3_noble_current_6.18.9_gnome_desktop.img.xz	radxa-zero3/Noble_current_gnome
radxa-zero3	CLEAN	77080,75880	Fri Feb  6 19:41:45 2026	12730368	5b2f3381902902f4d582dec893a2a2bb890c3eef897f86c8416e932e2fbca414	Armbian_26.2.1_Radxa-zero3_noble_current_6.18.9_kde-neon_desktop.img.xz	radxa-zero3/Noble_current_kde-neon
radxa-zero3	CLEAN	77080,75880	Fri Feb  6 19:41:45 2026	12730368	c3146cd47927588d2971eb68132983e4fa074ac21e4a036812c33bafc5ae0423	Armbian_26.2.1_Radxa-zero3_noble_current_6.18.9_minimal.img.xz	radxa-zero3/Noble_current_minimal
radxa-zero3	CLEAN	77080,75880	Fri Feb  6 19:50:12 2026	12730368	57522403324d9fd4128245db5a4345dbdf19d65fc7446ecd97a5bae129af0243	Armbian_26.2.1_Radxa-zero3_noble_vendor_6.1.115_gnome_desktop.img.xz	radxa-zero3/Noble_vendor_gnome
radxa-zero3	CLEAN	77080,75880	Fri Feb  6 19:50:12 2026	12730368	63faa583a17250334bd0668dd37abd1f93079769091303d623f738f7d8dd67ac	Armbian_26.2.1_Radxa-zero3_noble_vendor_6.1.115_kde-neon_desktop.img.xz	radxa-zero3/Noble_vendor_kde-neon
radxa-zero3	CLEAN	77080,75880	Fri Feb  6 19:50:12 2026	12730368	8782b7237757c3f313cebf4c1e336bd8539f2f659a97eb3ef78be51b7d15ffae	Armbian_26.2.1_Radxa-zero3_noble_vendor_6.1.115_minimal.img.xz	radxa-zero3/Noble_vendor_minimal
radxa-zero3	CLEAN	77080,75880	Fri Feb  6 19:50:12 2026	12990618	114250fb15d24e00ea0274e47254476291ccdb60b7211782d31c945759aa9944	Armbian_26.2.1_Radxa-zero3_sid_vendor_6.1.115-kali.img.xz	radxa-zero3/Sid_vendor_server-kali
radxa-zero3	CLEAN	77080,75880	Fri Feb  6 19:41:45 2026	12730368	fd0525826c8d51900ee644ab94532dd73a805a46cb96e702bcfe53bcfe486b99	Armbian_26.2.1_Radxa-zero3_trixie_current_6.18.9_minimal.img.xz	radxa-zero3/Trixie_current_minimal
radxa-zero3	CLEAN	77080,75880	Fri Feb  6 19:50:12 2026	12907844	470ce36d1c171fda9a094030b0c8eec0e5ab44094d2ba83e343746be8fb1d05f	Armbian_26.2.1_Radxa-zero3_trixie_vendor_6.1.115-homeassistant.img.xz	radxa-zero3/Trixie_vendor_server-homeassistant
radxa-zero3	CLEAN	77080,75880	Fri Feb  6 19:50:12 2026	13039345	c5964ea50b85ec74deb11158be56557af8fe049ef642552de078d4aeb1043b3a	Armbian_26.2.1_Radxa-zero3_trixie_vendor_6.1.115-omv_minimal.img.xz	radxa-zero3/Trixie_vendor_minimal-omv
radxa-zero3	CLEAN	77080,75880	Fri Feb  6 19:50:12 2026	12859208	5035cd54c8cfe1af7852cf57840d1a665bfdb21652def3acff8aa70f841e7616	Armbian_26.2.1_Radxa-zero3_trixie_vendor_6.1.115-openhab.img.xz	radxa-zero3/Trixie_vendor_server-openhab
radxa-zero3	CLEAN	77080,75880	Fri Feb  6 19:50:12 2026	12730368	6612794106f6790f84d128cf17440b583cb2374ef5ea860126c848ea5c3c4c72	Armbian_26.2.1_Radxa-zero3_trixie_vendor_6.1.115_minimal.img.xz	radxa-zero3/Trixie_vendor_minimal
radxa-zero3	CLEAN	77080,75880	Fri Apr 17 21:57:24 2026	12730368	182b0187381148df36094a2a93f381a7a225d5cdb6add75b491d9282aeb7cbba	Armbian_26.2.5_Radxa-zero3_resolute_current_6.18.24_minimal.img.xz	radxa-zero3/Resolute_current_minimal
radxa-zero3	CLEAN	77080,75880	Fri Apr 17 22:07:57 2026	12730368	6320ffb599a7558640d1989a11abefc0a39dfb59d6adc4a45c9706f033a26da4	Armbian_26.2.5_Radxa-zero3_resolute_vendor_6.1.115_minimal.img.xz	radxa-zero3/Resolute_vendor_minimal
radxa-zero3	CLEAN	77080,75880	Wed Jul 15 17:52:09 2026	13237923	5bb6edaa4d5e393e7390bf39350b6301a047a1de47e39f34bc6a1e55300a292c	Armbian_26.8.0-trunk.400_Radxa-zero3_forky_vendor_6.1.115_minimal.img.xz	nightly/radxa-zero3/Forky_vendor_minimal
radxa-zero3	CLEAN	77080,75880	Wed Jul 15 17:52:09 2026	12942083	2994138fccd84b7dd229219d3c035a63709c020f5eff23ad917f1a96fb2f83df	Armbian_26.8.0-trunk.400_Radxa-zero3_resolute_vendor_6.1.115_gnome_desktop.img.xz	nightly/radxa-zero3/Resolute_vendor_gnome
rock-2a	CLEAN	9178	Mon Feb  9 08:25:50 2026	12730368	117f3fab809f9c9783909e2c8853249f66c6d8898bd5c861f0fc9a017dc9c14c	Armbian_26.2.1_Rock-2a_noble_vendor_6.1.115_gnome_desktop.img.xz	rock-2a/Noble_vendor_gnome
rock-2a	CLEAN	9178	Mon Feb  2 21:25:17 2026	12730368	fb210dd44548413433cc1e8bfce7ddee65ea7c9906a404251749f361a24c5a60	Armbian_26.2.1_Rock-2a_noble_vendor_6.1.115_kde-neon_desktop.img.xz	rock-2a/Noble_vendor_kde-neon
rock-2a	CLEAN	9178	Mon Feb  2 21:25:17 2026	12730368	4f5c4882e0a0990fa5902a824c52ef23e8f88907996fb904190a7b69a663aa98	Armbian_26.2.1_Rock-2a_noble_vendor_6.1.115_minimal.img.xz	rock-2a/Noble_vendor_minimal
rock-2a	BROKEN	0	Fri Feb  6 19:44:15 2026	13150435	3f2ea44b17a561a47bb8829f413cf416b0c3f86c8df0a71ab4f96992014b7a82	Armbian_26.2.1_Rock-2a_sid_vendor_6.1.115-kali.img.xz	rock-2a/Sid_vendor_server-kali
rock-2a	BROKEN	0	Fri Feb  6 19:44:15 2026	13020108	39efddc947f4d531d6aeab41b221ba0658c91e7d81fc6143a5432237044e16d4	Armbian_26.2.1_Rock-2a_trixie_vendor_6.1.115-homeassistant.img.xz	rock-2a/Trixie_vendor_server-homeassistant
rock-2a	BROKEN	0	Fri Feb  6 19:44:15 2026	13040921	8a9c33e6673c0ad29fc47d1847db1e07375c2fd3bac7f1f25054ab4c6c5af9be	Armbian_26.2.1_Rock-2a_trixie_vendor_6.1.115-omv_minimal.img.xz	rock-2a/Trixie_vendor_minimal-omv
rock-2a	CLEAN	9178	Thu Jan 15 11:43:14 2026	12991772	e20b77d1eca63e6874dc7ff419ce8f24ddb1c77ccc396f915bf3a97f9742eabd	Armbian_26.2.1_Rock-2a_trixie_vendor_6.1.115-openhab.img.xz	rock-2a/Trixie_vendor_server-openhab
rock-2a	CLEAN	9178	Mon Feb  9 08:25:50 2026	12697600	08807fdea8d4f126fb1ac940c2ab7fb44600ff6ef9b2c7f6395d08f0300b1bc2	Armbian_26.2.1_Rock-2a_trixie_vendor_6.1.115_minimal.img.xz	rock-2a/Trixie_vendor_minimal
rock-2a	BROKEN	0	Fri Apr 17 21:59:07 2026	12730368	acf353b0842a89ebead826538749a477c42e3b68153cf2e1eca8446bb175384c	Armbian_26.2.5_Rock-2a_resolute_vendor_6.1.115_minimal.img.xz	rock-2a/Resolute_vendor_minimal
rock-2a	CLEAN	9178	Sat Jul  4 07:54:23 2026	13451264	9d890061164212b33152c1411ec0f2aa1825abcc7884ae00391035a8f0864263	Armbian_26.8.0-trunk.400_Rock-2a_forky_vendor_6.1.115_minimal.img.xz	nightly/rock-2a/Forky_vendor_minimal
rock-2a	CLEAN	9178	Sat Jul  4 07:54:23 2026	13303050	1682eb04c4fa31529da94c85905d5602c40a37f98bb0b9c1712291a1112a289d	Armbian_26.8.0-trunk.400_Rock-2a_resolute_vendor_6.1.115_gnome_desktop.img.xz	nightly/rock-2a/Resolute_vendor_gnome
rock-2f	CLEAN	9178	Mon Feb  9 07:53:49 2026	12730368	e2e5803056069a390f634043844011265bda8ffd37535694010a90c268cb6f3b	Armbian_26.2.1_Rock-2f_noble_vendor_6.1.115_gnome_desktop.img.xz	rock-2f/Noble_vendor_gnome
rock-2f	CLEAN	9178	Mon Feb  9 07:53:49 2026	12730368	66889c84b74f1988e4eab527031af21b9016697d211b3fd95797c066c7e1f452	Armbian_26.2.1_Rock-2f_noble_vendor_6.1.115_kde-neon_desktop.img.xz	rock-2f/Noble_vendor_kde-neon
rock-2f	CLEAN	9178	Mon Feb  9 07:53:49 2026	12730368	6d4f9a61166b09df9c2df30c4c3df5811cfa06a7432a6175cf84f66dd83df6e0	Armbian_26.2.1_Rock-2f_noble_vendor_6.1.115_minimal.img.xz	rock-2f/Noble_vendor_minimal
rock-2f	CLEAN	9178	Thu Jan 15 11:43:13 2026	12959744	2856640e082fd11c929482a402b416878f6527fab5a3c2d71aff51d6329b2a8c	Armbian_26.2.1_Rock-2f_sid_vendor_6.1.115-kali.img.xz	rock-2f/Sid_vendor_server-kali
rock-2f	CLEAN	9178	Thu Jan 15 11:43:13 2026	12729623	5c2a1427cab19b801a8e2b56d73e2dc9c8060e2f8451b101017167375d8da274	Armbian_26.2.1_Rock-2f_trixie_vendor_6.1.115-homeassistant.img.xz	rock-2f/Trixie_vendor_server-homeassistant
rock-2f	CLEAN	9178	Thu Jan 15 11:43:13 2026	14155033	9a97bdb2ef2fbb406ba86d42f4d4c33e2deb3c76157ba7bcd56bc50b54ff5b88	Armbian_26.2.1_Rock-2f_trixie_vendor_6.1.115-omv_minimal.img.xz	rock-2f/Trixie_vendor_minimal-omv
rock-2f	CLEAN	9178	Thu Jan 15 11:43:13 2026	12778780	10a5958dd67f72e88e61e57d777c818d6f5f5070c67f401c112edb069348db1c	Armbian_26.2.1_Rock-2f_trixie_vendor_6.1.115-openhab.img.xz	rock-2f/Trixie_vendor_server-openhab
rock-2f	CLEAN	9178	Mon Feb  9 07:53:49 2026	12730368	6beff19ac71f64aec0399f7ae5fa3e39bf6375426961089ae19edb731fdc60c0	Armbian_26.2.1_Rock-2f_trixie_vendor_6.1.115_minimal.img.xz	rock-2f/Trixie_vendor_minimal
rock-2f	CLEAN	9178	Sun Apr 19 16:26:57 2026	12730368	0e28107e882cb11e12c6a85c2eb7209a672b6d6a463b4c84694a3134d1b87b6d	Armbian_26.2.5_Rock-2f_resolute_vendor_6.1.115_minimal.img.xz	rock-2f/Resolute_vendor_minimal
rock-2f	CLEAN	9178	Sat Jul  4 07:54:20 2026	16793600	1cf011ef7c222ea065c7e6477803c04746bba83be71ceeb0cea43272afae5230	Armbian_26.8.0-trunk.400_Rock-2f_forky_vendor_6.1.115_minimal.img.xz	nightly/rock-2f/Forky_vendor_minimal
rock-2f	CLEAN	9178	Sat Jul  4 07:54:20 2026	13027776	795c21057d6bcbf11858427916fdf504021f811ec84e96b00467a2016d5f7501	Armbian_26.8.0-trunk.400_Rock-2f_resolute_vendor_6.1.115_gnome_desktop.img.xz	nightly/rock-2f/Resolute_vendor_gnome
rock-3a	CLEAN	89120	Mon Feb  2 21:17:34 2026	12730368	5d877b122cec0d5ac5c2253aca42d5a73290f44dee8fb5044c96c6651f9e3df1	Armbian_26.2.1_Rock-3a_noble_current_6.18.8_gnome_desktop.img.xz	rock-3a/Noble_current_gnome
rock-3a	CLEAN	89120	Mon Feb  2 21:17:34 2026	12730368	eeef88880c82e53c66f265f70ad672387d6246d3ffcb282cec4c1f098336c9e5	Armbian_26.2.1_Rock-3a_noble_current_6.18.8_kde-neon_desktop.img.xz	rock-3a/Noble_current_kde-neon
rock-3a	CLEAN	89120	Mon Feb  2 21:17:34 2026	12697600	f544a59ed97f19e27515881e42a957d7afeeecd89a57b037288fffcefbb69d6d	Armbian_26.2.1_Rock-3a_noble_current_6.18.8_minimal.img.xz	rock-3a/Noble_current_minimal
rock-3a	CLEAN	25559	Tue Jan 27 20:04:33 2026	12730368	74735bed1987bcef07d5c81482152cb20811b87917e64a960e3026964c34abc7	Armbian_26.2.1_Rock-3a_noble_vendor_6.1.115_gnome_desktop.img.xz	rock-3a/Noble_vendor_gnome
rock-3a	CLEAN	25559	Tue Jan 27 20:04:33 2026	12730368	eb24fa1239d0d6f54624af3360ff4e5c2447dd19a4917581e1e12c41566f3f9e	Armbian_26.2.1_Rock-3a_noble_vendor_6.1.115_kde-neon_desktop.img.xz	rock-3a/Noble_vendor_kde-neon
rock-3a	CLEAN	25559	Tue Jan 27 20:04:33 2026	12681216	4716f56716c345a936ba9639649cdc6310be8cca9d0db3ed4ea97ebd7f34653d	Armbian_26.2.1_Rock-3a_noble_vendor_6.1.115_minimal.img.xz	rock-3a/Noble_vendor_minimal
rock-3a	CLEAN	89120	Fri Feb  6 19:45:34 2026	13023719	f41e616c7647481c642b335dc523eb6d512aedd12719b09648dae327238eb35e	Armbian_26.2.1_Rock-3a_sid_current_6.18.10-kali.img.xz	rock-3a/Sid_current_server-kali
rock-3a	CLEAN	89120	Fri Feb  6 19:45:34 2026	13155606	ef5f8ced5ffc416ab8bf389f198ce432b61f13a62bfd762accef157d73af274f	Armbian_26.2.1_Rock-3a_trixie_current_6.18.10-homeassistant.img.xz	rock-3a/Trixie_current_server-homeassistant
rock-3a	CLEAN	89120	Fri Feb  6 19:45:34 2026	13254656	dbcd73b86ac0d60f0786103fed3788ecba36d22ec0e6a418e99d72c45d9c62f6	Armbian_26.2.1_Rock-3a_trixie_current_6.18.10-omv_minimal.img.xz	rock-3a/Trixie_current_minimal-omv
rock-3a	CLEAN	89120	Fri Feb  6 19:45:34 2026	14267309	2738177b3fdb856d93058f0b4b7844356af6f2c7fe8d11aeafe02d6511fca3de	Armbian_26.2.1_Rock-3a_trixie_current_6.18.10-openhab.img.xz	rock-3a/Trixie_current_server-openhab
rock-3a	CLEAN	89120	Mon Feb  2 21:17:34 2026	12730368	4245b56a32c29f955f9f761fbdc992d30a8e1aae8e23521df9daf449831d7d55	Armbian_26.2.1_Rock-3a_trixie_current_6.18.8_minimal.img.xz	rock-3a/Trixie_current_minimal
rock-3a	CLEAN	25559	Tue Jan 27 20:04:33 2026	12730368	139c575e903a49686a7b1a7accec7d96789bc0766746965f9d43341118a92e78	Armbian_26.2.1_Rock-3a_trixie_vendor_6.1.115_minimal.img.xz	rock-3a/Trixie_vendor_minimal
rock-3a	CLEAN	131608	Fri Apr 24 19:49:27 2026	12730368	0764e4abbbeb6f6a386bc5698b46c8279dc8816ab0550ef2fb61f2682a917669	Armbian_26.2.5_Rock-3a_resolute_current_6.18.24_minimal.img.xz	rock-3a/Resolute_current_minimal
rock-3a	CLEAN	25559	Sun Apr 19 11:36:35 2026	12730368	14da2077ccad298aecb241d76fd0c27ba07ca198c55e119ce33fb15b4e369112	Armbian_26.2.5_Rock-3a_resolute_vendor_6.1.115_minimal.img.xz	rock-3a/Resolute_vendor_minimal
rock-3a	CLEAN	131608	Wed Jul 15 17:52:11 2026	13486464	72c2e46b90d4083a98d50ef480ddaeabe10f8c2af074313fd1c4e326b8855029	Armbian_26.8.0-trunk.400_Rock-3a_forky_current_6.18.38_minimal.img.xz	nightly/rock-3a/Forky_current_minimal
rock-3a	CLEAN	131608	Wed Jul 15 17:52:11 2026	12992512	7d401e9d235db0d90ff8de9564266a70c618df8f771aee73c30a066f226f1105	Armbian_26.8.0-trunk.400_Rock-3a_resolute_current_6.18.38_gnome_desktop.img.xz	nightly/rock-3a/Resolute_current_gnome
rock-3c	CLEAN	27546	Tue Feb 11 08:42:45 2025	12730368	356a1b1df5f03694a75febb48492a1dd597ed341dbb906a0f9af4bd74ce75ac1	Armbian_25.2.1_Rock-3c_bookworm_current_6.12.13_cinnamon-backported-mesa_desktop.img.xz	rock-3c/Bookworm_current_cinnamon-backported-mesa
rock-3c	CLEAN	27546	Tue Feb 11 08:42:45 2025	12730368	09faa17ee83ea000dabd63d84126ef7d3d1f274eb9c4820645c64c91758cf453	Armbian_25.2.1_Rock-3c_bookworm_current_6.12.13_minimal.img.xz	rock-3c/Bookworm_current_minimal
rock-3c	CLEAN	27546	Tue Feb 11 08:42:45 2025	12746752	9e495c3bc9d2fe4fa5be518e8333121d4e3311ee56b3f2b0b1f6b9b137474e51	Armbian_25.2.1_Rock-3c_bookworm_current_6.12.13_xfce_desktop.img.xz	rock-3c/Bookworm_current_xfce
rock-3c	CLEAN	27546	Tue Feb 11 08:42:45 2025	12730368	72861121304b1a8b43cb4155d6eba43ea1f602685b1256e4035310fba9e15072	Armbian_25.2.1_Rock-3c_noble_current_6.12.13.img.xz	rock-3c/Noble_current_server
rock-3c	CLEAN	27546	Tue Feb 11 08:42:45 2025	12730368	5992d8d1402b5b983341e8959e7d67bd79865e526380b15bfa769aacec4dcce9	Armbian_25.2.1_Rock-3c_noble_current_6.12.13_gnome_desktop.img.xz	rock-3c/Noble_current_gnome
rock-3c	CLEAN	27546	Tue Feb 11 08:42:45 2025	12730368	c3ccd05adf0954c0fe0b295fab3764d5994126cb369eb4ea8eb195ae91898f67	Armbian_25.2.1_Rock-3c_noble_current_6.12.13_kde-neon_desktop.img.xz	rock-3c/Noble_current_kde-neon
rock-3c	CLEAN	27546	Tue Feb 11 08:42:45 2025	12730368	ef8b986a5c0ed0b2b0d76c7a0c3c0d78b7c7ae7abfe40512aca560fd13896917	Armbian_25.2.1_Rock-3c_noble_current_6.12.13_minimal.img.xz	rock-3c/Noble_current_minimal
rock-3c	CLEAN	27546	Tue Feb 11 08:42:45 2025	12877824	004b66ceb3ba1795079aa940ad260294789a93612231685bd47f42cb05779aaf	Armbian_25.2.1_Rock-3c_noble_current_6.12.13_xfce_desktop.img.xz	rock-3c/Noble_current_xfce
rock-3c	CLEAN	27591	Thu Jul 16 19:42:37 2026	16620736	c1fdd0afec56ba0b41b0cd433e413bcaf42347359cabeaa72173f5172e6fd59b	Armbian_community_26.8.0-trunk.413_Rock-3c_resolute_current_6.18.38_gnome_desktop.img.xz	rock-3c/Resolute_current_gnome
rock-3c	CLEAN	27591	Thu Jul 16 19:42:37 2026	14663680	e46d390df2cc2841cea1013f076c0ec850daf29308d4f7441ea2f6f94d040508	Armbian_community_26.8.0-trunk.413_Rock-3c_resolute_current_6.18.38_kde-plasma_desktop.img.xz	rock-3c/Resolute_current_kde-plasma
rock-3c	CLEAN	27591	Thu Jul 16 19:42:37 2026	13545876	92e2fa05d2de180fbf2f6d68eed376230ee4b55dc74bed91ecd9e82834acea9e	Armbian_community_26.8.0-trunk.413_Rock-3c_trixie_current_6.18.38_minimal.img.xz	rock-3c/Trixie_current_minimal
rock-5-cm-rpi-cm4-io	CLEAN	23865	Thu Jul 16 19:45:12 2026	12923761	b19dc6ce69fa4e712ea130b4c23dd6dc996a4b2e0ae8b32bac6e8b1757f34735	Armbian_community_26.8.0-trunk.413_Rock-5-cm-rpi-cm4-io_resolute_vendor_6.1.115_gnome_desktop.img.xz	rock-5-cm-rpi-cm4-io/Resolute_vendor_gnome
rock-5-cm-rpi-cm4-io	CLEAN	23865	Thu Jul 16 19:45:12 2026	12959744	2df70efb708b34e468a6187b4bc7aea0d3c909c3238ad6a43587852ed62f0fe1	Armbian_community_26.8.0-trunk.413_Rock-5-cm-rpi-cm4-io_resolute_vendor_6.1.115_kde-plasma_desktop.img.xz	rock-5-cm-rpi-cm4-io/Resolute_vendor_kde-plasma
rock-5-cm-rpi-cm4-io	CLEAN	23865	Thu Jul 16 19:45:12 2026	12746752	35d09024159467bbc8ae898d536128be27df5ef02a342ef9237d07ba490e88cc	Armbian_community_26.8.0-trunk.413_Rock-5-cm-rpi-cm4-io_trixie_vendor_6.1.115_minimal.img.xz	rock-5-cm-rpi-cm4-io/Trixie_vendor_minimal
rock-5-cmio	CLEAN	30216	Thu Jul 16 19:42:41 2026	12958972	f0ab64948ba99779c75d1a9bef1c4851361cac37ce3d289017f879aa6db8a455	Armbian_community_26.8.0-trunk.413_Rock-5-cmio_resolute_vendor_6.1.115_gnome_desktop.img.xz	rock-5-cmio/Resolute_vendor_gnome
rock-5-cmio	CLEAN	30216	Thu Jul 16 19:42:41 2026	12959744	2748185c39520970d84036c32ee7d61d46f600edfeb5655417a4527b7965e727	Armbian_community_26.8.0-trunk.413_Rock-5-cmio_resolute_vendor_6.1.115_kde-plasma_desktop.img.xz	rock-5-cmio/Resolute_vendor_kde-plasma
rock-5-cmio	CLEAN	30216	Thu Jul 16 19:42:41 2026	13139968	fd4ba87d8d26da1a35f0e6023217b97519c689fc66f69179db4fa5500e7742d7	Armbian_community_26.8.0-trunk.413_Rock-5-cmio_trixie_vendor_6.1.115_minimal.img.xz	rock-5-cmio/Trixie_vendor_minimal
rock-5-itx	CLEAN	16441	Sat Feb  7 20:12:43 2026	12801440	4bb61d1c89ebee706c2adf09a8955a717b2bed414edd768af85dc5da3ab1e731	Armbian_26.2.1_Rock-5-itx_sid_vendor_6.1.115-kali.img.xz	rock-5-itx/Sid_vendor_server-kali
rock-5-itx	CLEAN	16441	Sat Feb  7 20:12:43 2026	13024319	91336a9dc077722c19cedd3efe1696bd5517f4c581e5541b97bd1b5a7e7e0598	Armbian_26.2.1_Rock-5-itx_trixie_vendor_6.1.115-homeassistant.img.xz	rock-5-itx/Trixie_vendor_server-homeassistant
rock-5-itx	CLEAN	16441	Sat Feb  7 20:12:43 2026	14598144	48f539249c1374a326e3acd93a68bbfa763ff42a3ba5a338e88a75046937d905	Armbian_26.2.1_Rock-5-itx_trixie_vendor_6.1.115-omv_minimal.img.xz	rock-5-itx/Trixie_vendor_minimal-omv
rock-5-itx	CLEAN	16441	Sat Feb  7 20:12:43 2026	13035328	bad39f66f7dc2d15cce0f05594f3311eea921dbf6e0aeb08ee899316e7fecc00	Armbian_26.2.1_Rock-5-itx_trixie_vendor_6.1.115-openhab.img.xz	rock-5-itx/Trixie_vendor_server-openhab
rock-5-itx	CLEAN	196800	Wed May 27 22:38:48 2026	12697600	b314986eecd59a14a3fd69adf23019c185512379341cd4dd64d957757e1b5db8	Armbian_26.5.1_Rock-5-itx_resolute_current_6.18.34_gnome_desktop.img.xz	rock-5-itx/Resolute_current_gnome
rock-5-itx	CLEAN	196800	Wed May 27 22:38:48 2026	12730368	26058b3662fa9ffd44f1ebb312dc728061acbdc769034d198c522b79581346e1	Armbian_26.5.1_Rock-5-itx_resolute_current_6.18.34_kde-plasma_desktop.img.xz	rock-5-itx/Resolute_current_kde-plasma
rock-5-itx	CLEAN	196800	Wed May 27 22:38:48 2026	12746752	cd2a1b07e4939031dc404e5d4d57e1314ad929ffdf11559daaca7000659353e0	Armbian_26.5.1_Rock-5-itx_resolute_current_6.18.34_minimal.img.xz	rock-5-itx/Resolute_current_minimal
rock-5-itx	CLEAN	196800	Wed May 27 22:32:23 2026	12730368	c220cd45401267e2cad5a76771089d748fc53f0135139075b8df6b19731ae88b	Armbian_26.5.1_Rock-5-itx_resolute_vendor_6.1.115_gnome_desktop.img.xz	rock-5-itx/Resolute_vendor_gnome
rock-5-itx	CLEAN	196800	Wed May 27 22:32:23 2026	12730368	d65747712a4477cd91eadc496e82bd957e14ef69c6c99e7fe08219e49199dcfd	Armbian_26.5.1_Rock-5-itx_resolute_vendor_6.1.115_kde-plasma_desktop.img.xz	rock-5-itx/Resolute_vendor_kde-plasma
rock-5-itx	CLEAN	196800	Wed May 27 22:32:23 2026	12730368	d174f44e6caf40f403397204e3ee9a84c9776371e39ebbe12712bd0f5ead1ffc	Armbian_26.5.1_Rock-5-itx_resolute_vendor_6.1.115_minimal.img.xz	rock-5-itx/Resolute_vendor_minimal
rock-5-itx	CLEAN	196800	Wed May 27 22:38:48 2026	12730368	b9be5fc24f8b52b17724b3cce3ef50a4ee49cd81a781745074a230419b8c05af	Armbian_26.5.1_Rock-5-itx_trixie_current_6.18.34_minimal.img.xz	rock-5-itx/Trixie_current_minimal
rock-5-itx	CLEAN	196800	Wed May 27 22:32:23 2026	12730368	b59823e01542a2caf480f67972c94f75c45f5543d9bbfc2c484f37134e717390	Armbian_26.5.1_Rock-5-itx_trixie_vendor_6.1.115_minimal.img.xz	rock-5-itx/Trixie_vendor_minimal
rock-5-itx	CLEAN	196800	Wed Jul 15 17:52:20 2026	12730368	32e341d943a56d84ef74cb5242a52a348bd013da718c2f5b6b56f1dc277adc74	Armbian_26.8.0-trunk.400_Rock-5-itx_forky_vendor_6.1.115_minimal.img.xz	nightly/rock-5-itx/Forky_vendor_minimal
rock-5-itx	CLEAN	196800	Wed Jul 15 17:52:20 2026	12958983	581ddf19dc81987048b9970c4cc1fe5261e215462255955034915ad1ef273fe5	Armbian_26.8.0-trunk.400_Rock-5-itx_resolute_vendor_6.1.115_gnome_desktop.img.xz	nightly/rock-5-itx/Resolute_vendor_gnome
rock-5a	CLEAN	14597	Sun Mar  1 19:49:34 2026	12730368	b8faabdf25a66abcf9b5cead7769a3b05bf9d05405f0d945129fab94e55cab36	Armbian_26.2.1_Rock-5a_noble_current_6.18.15_gnome_desktop.img.xz	rock-5a/Noble_current_gnome
rock-5a	CLEAN	14597	Sun Mar  1 19:49:34 2026	12730368	666b7487ab70aaf9057dbaff9bbb519ef5c397137d07bc4f06d57ffc81cd7808	Armbian_26.2.1_Rock-5a_noble_current_6.18.15_kde-neon_desktop.img.xz	rock-5a/Noble_current_kde-neon
rock-5a	CLEAN	14597	Sun Mar  1 19:49:34 2026	12730368	60d4e8114ceead490271587b195ad6b2678a56e80c473d5100f0a144cd213816	Armbian_26.2.1_Rock-5a_noble_current_6.18.15_minimal.img.xz	rock-5a/Noble_current_minimal
rock-5a	CLEAN	14597	Sat Feb 28 20:05:24 2026	12730368	cce80cf2ee7bf650b99943c5018b167a50d760068436c096559b88686d4cd974	Armbian_26.2.1_Rock-5a_noble_vendor_6.1.115_gnome_desktop.img.xz	rock-5a/Noble_vendor_gnome
rock-5a	CLEAN	14597	Sat Feb 28 20:05:24 2026	12730368	2264faf84e4f5c34f4dbc9094021c7a2d14a0b6848ec2cd3b1fd6dac3e3d0c08	Armbian_26.2.1_Rock-5a_noble_vendor_6.1.115_kde-neon_desktop.img.xz	rock-5a/Noble_vendor_kde-neon
rock-5a	CLEAN	14597	Sat Feb 28 20:05:24 2026	12730368	5ae0785a4f6e1421395a6b223328c2dac2b938263d8b5c001fb7d759245aca83	Armbian_26.2.1_Rock-5a_noble_vendor_6.1.115_minimal.img.xz	rock-5a/Noble_vendor_minimal
rock-5a	CLEAN	14597	Sat Feb  7 20:07:05 2026	12909859	2b06e629f98be9edee5831387379f837e9ecc4c4ca35397b8c7fed75f75f36b2	Armbian_26.2.1_Rock-5a_sid_vendor_6.1.115-kali.img.xz	rock-5a/Sid_vendor_server-kali
rock-5a	CLEAN	14597	Sun Mar  1 19:49:34 2026	12730368	541a7bbb1c65c4382bee8d735434419b1acf821dea71a21fb061ff7f3653ab76	Armbian_26.2.1_Rock-5a_trixie_current_6.18.15_minimal.img.xz	rock-5a/Trixie_current_minimal
rock-5a	CLEAN	14597	Sat Feb  7 20:07:05 2026	13196672	2e6221d749c594e127192142e37dab1f1632c20c9dc1f776fdbecd9275757503	Armbian_26.2.1_Rock-5a_trixie_vendor_6.1.115-homeassistant.img.xz	rock-5a/Trixie_vendor_server-homeassistant
rock-5a	CLEAN	14597	Sat Feb  7 20:07:05 2026	13188377	6488afbb6340ce9d7eae2d8b6ac17c3ec7292aa00aa1d50265417ca94bdf28b3	Armbian_26.2.1_Rock-5a_trixie_vendor_6.1.115-omv_minimal.img.xz	rock-5a/Trixie_vendor_minimal-omv
rock-5a	CLEAN	14597	Sat Feb  7 20:07:05 2026	12763136	b01fa36ffadbf3a2a3fbbceb1689fdf8fdf08d615d2eb316eccb39c54ba0030d	Armbian_26.2.1_Rock-5a_trixie_vendor_6.1.115-openhab.img.xz	rock-5a/Trixie_vendor_server-openhab
rock-5a	CLEAN	14597	Sat Feb 28 20:05:24 2026	12730368	35cb4c74802a1b42459b22f3dadc1200d6e30a7c5b95a6a144ce3c6a25c5226d	Armbian_26.2.1_Rock-5a_trixie_vendor_6.1.115_minimal.img.xz	rock-5a/Trixie_vendor_minimal
rock-5a	CLEAN	14597	Fri Apr 17 22:08:38 2026	12730368	207e3f48b6ea9608c34a3766d8f693ffd8fdc98fa5230d83ca35ed76c831a71f	Armbian_26.2.5_Rock-5a_resolute_current_6.18.24_minimal.img.xz	rock-5a/Resolute_current_minimal
rock-5a	CLEAN	14597	Fri Apr 17 22:03:11 2026	12730368	4847355e6dd28b11ecd422eac1f541e279e9f7cdb86c84950cefc18d9ba1adb5	Armbian_26.2.5_Rock-5a_resolute_vendor_6.1.115_minimal.img.xz	rock-5a/Resolute_vendor_minimal
rock-5a	CLEAN	14597	Thu Jul 16 08:20:30 2026	20234240	ba2ae170f6b5a838a2cbcd92f3a7a2002bdd7eb3d2e7ce7610ca5d29f1227c1f	Armbian_26.8.0-trunk.400_Rock-5a_forky_vendor_6.1.115_minimal.img.xz	nightly/rock-5a/Forky_vendor_minimal
rock-5a	CLEAN	14597	Sat Jul  4 07:56:44 2026	12743434	2195eb8576e27fe4f3d9e52823f97adbb60d78b6bfedae8dd9c901aad976cc90	Armbian_26.8.0-trunk.400_Rock-5a_resolute_vendor_6.1.115_gnome_desktop.img.xz	nightly/rock-5a/Resolute_vendor_gnome
rock-5b	CLEAN	12752	Sat Jan 31 20:46:17 2026	12730368	fa68caf01862b47023473fe8fdf8290b0154e6254639cbcdc91d16b1fb606eb8	Armbian_26.2.1_Rock-5b_noble_current_6.18.8_gnome_desktop.img.xz	rock-5b/Noble_current_gnome
rock-5b	CLEAN	12752	Sat Jan 31 20:46:17 2026	12664832	bab6f77b449bd917bbd63f284c0743b98dcbb0337b124aca11f1ade3245a7f70	Armbian_26.2.1_Rock-5b_noble_current_6.18.8_kde-neon_desktop.img.xz	rock-5b/Noble_current_kde-neon
rock-5b	CLEAN	12752	Sat Jan 31 20:46:17 2026	12713984	d5c334980a63e66e5cbce969b67bcdeb7060b74bc0a7d4fc998048ffe32d74b4	Armbian_26.2.1_Rock-5b_noble_current_6.18.8_minimal.img.xz	rock-5b/Noble_current_minimal
rock-5b	BROKEN	0	Sat Jan 31 20:45:09 2026	12730368	7e6d7cbba3dea67cebd2ce652e98a61685f8a8e740e2551b163c54977a7b2780	Armbian_26.2.1_Rock-5b_noble_vendor_6.1.115_gnome_desktop.img.xz	rock-5b/Noble_vendor_gnome
rock-5b	BROKEN	0	Sat Jan 31 20:45:09 2026	12730368	d9983acae36e4ebdfb9be42f84eb0bd26f3e723add528626756dd78d2e985cda	Armbian_26.2.1_Rock-5b_noble_vendor_6.1.115_kde-neon_desktop.img.xz	rock-5b/Noble_vendor_kde-neon
rock-5b	BROKEN	0	Sat Jan 31 20:45:09 2026	12730368	744e034a7e2135e2c6bc37d342a16973f9d3c3b0b411da9474b64c940901f023	Armbian_26.2.1_Rock-5b_noble_vendor_6.1.115_minimal.img.xz	rock-5b/Noble_vendor_minimal
rock-5b	BROKEN	0	Sat Feb  7 20:07:13 2026	13251649	98f421f70d6c1e023ccae01ceebb4521b932a7a13121b984e2500c37e5f2d8fc	Armbian_26.2.1_Rock-5b_sid_vendor_6.1.115-kali.img.xz	rock-5b/Sid_vendor_server-kali
rock-5b	CLEAN	12752	Sat Jan 31 20:46:17 2026	12730368	b03359ae4c5a49aa96044e0bc496d969183833135913d476bd13ee16767e5d17	Armbian_26.2.1_Rock-5b_trixie_current_6.18.8_minimal.img.xz	rock-5b/Trixie_current_minimal
rock-5b	BROKEN	0	Sat Feb  7 20:07:13 2026	12958111	ce0ec2ca68a90a3bff75f30c8fa0421844a4d03f9db1d4963f6af17c7d24d740	Armbian_26.2.1_Rock-5b_trixie_vendor_6.1.115-homeassistant.img.xz	rock-5b/Trixie_vendor_server-homeassistant
rock-5b	BROKEN	0	Sat Feb  7 20:07:13 2026	13121304	69a79656f87a6ced4c9bc8bbaf5a0cb7c946afe48497313c013b9c9ac049c358	Armbian_26.2.1_Rock-5b_trixie_vendor_6.1.115-omv_minimal.img.xz	rock-5b/Trixie_vendor_minimal-omv
rock-5b	BROKEN	0	Sat Feb  7 20:07:13 2026	14023977	7db20236ca902332f9d489dd1df04f49d4548b55449205b0bc8aed2e7cf00f48	Armbian_26.2.1_Rock-5b_trixie_vendor_6.1.115-openhab.img.xz	rock-5b/Trixie_vendor_server-openhab
rock-5b	BROKEN	0	Sat Jan 31 20:45:09 2026	12730368	ff6e002c5909deea13f6f5328f8bada646544c5222cb997c049dc9eb162b8e03	Armbian_26.2.1_Rock-5b_trixie_vendor_6.1.115_minimal.img.xz	rock-5b/Trixie_vendor_minimal
rock-5b	CLEAN	12752	Fri Apr 17 21:57:31 2026	12730368	5635cf92cf99e4a4d8e2374a4b29b75dfbe70b6ce61e189530477707e2eebc9f	Armbian_26.2.5_Rock-5b_resolute_current_6.18.24_minimal.img.xz	rock-5b/Resolute_current_minimal
rock-5b	BROKEN	0	Fri Apr 17 21:59:57 2026	12730368	78ae46cdbc6d21922445a46614b959e50c26711af546df7b961803e750714a13	Armbian_26.2.5_Rock-5b_resolute_vendor_6.1.115_minimal.img.xz	rock-5b/Resolute_vendor_minimal
rock-5b	CLEAN	12752	Sat Jul  4 07:54:13 2026	15381934	a7f619ad960302d3139d537ecdd290a72cf840bb02889c5e82f7f073ac78bdf8	Armbian_26.8.0-trunk.400_Rock-5b_forky_vendor_6.1.115_minimal.img.xz	nightly/rock-5b/Forky_vendor_minimal
rock-5b	CLEAN	12752	Sat Jul  4 07:54:13 2026	12890762	547ae9a594a69b004e675eb7e3389ac4f46eb2241aa245fb6edb480bc44e61a6	Armbian_26.8.0-trunk.400_Rock-5b_resolute_vendor_6.1.115_gnome_desktop.img.xz	nightly/rock-5b/Resolute_vendor_gnome
rock-5b-plus	CLEAN	129464	Sat Feb  7 20:16:29 2026	13300510	7aba8f0ea0ff5228d3d5e6745d68f79be6b33f8692dbb7a4a0c34b46eceb5ecc	Armbian_26.2.1_Rock-5b-plus_sid_vendor_6.1.115-kali.img.xz	rock-5b-plus/Sid_vendor_server-kali
rock-5b-plus	CLEAN	129464	Sat Feb  7 20:16:29 2026	12763136	76669ace6c09fdfeb5cee0e0c1138c773c800db56f9f689ffe9e9dd08090c2cd	Armbian_26.2.1_Rock-5b-plus_trixie_vendor_6.1.115-homeassistant.img.xz	rock-5b-plus/Trixie_vendor_server-homeassistant
rock-5b-plus	CLEAN	129464	Sat Feb  7 20:16:29 2026	12828672	0db12011c6f827b5de4d1bcc0f94a004bd865dd9bbbfcd6b6ebaca345d2b53a9	Armbian_26.2.1_Rock-5b-plus_trixie_vendor_6.1.115-omv_minimal.img.xz	rock-5b-plus/Trixie_vendor_minimal-omv
rock-5b-plus	CLEAN	129464	Sat Feb  7 20:16:29 2026	12779520	1af2bc4ae30d8dd10f9692974dce75faf1e690d238b12af1023491750826198c	Armbian_26.2.1_Rock-5b-plus_trixie_vendor_6.1.115-openhab.img.xz	rock-5b-plus/Trixie_vendor_server-openhab
rock-5b-plus	CLEAN	193544,194680,193768	Thu May  7 11:22:20 2026	12730368	988b7aa31ebec456157b5c3c1992018815e3dcf5ec8c1e3b373e82afb45a0c24	Armbian_26.2.6_Rock-5b-plus_resolute_current_6.18.28_gnome_desktop.img.xz	rock-5b-plus/Resolute_current_gnome
rock-5b-plus	CLEAN	193544,194680,193768	Thu May  7 11:22:20 2026	12730368	23ef6c7f59b6d9c3c3e7fbcf50ae707a1b4f39b283bc83f94dca1cebee9018f9	Armbian_26.2.6_Rock-5b-plus_resolute_current_6.18.28_kde-plasma_desktop.img.xz	rock-5b-plus/Resolute_current_kde-plasma
rock-5b-plus	CLEAN	193544,194680,193768	Thu May  7 11:22:20 2026	12713984	2facc3378b506001ef26a9cb997c64f39999424a05f44d72646178b23e611b37	Armbian_26.2.6_Rock-5b-plus_resolute_current_6.18.28_minimal.img.xz	rock-5b-plus/Resolute_current_minimal
rock-5b-plus	CLEAN	193544,194680,193768	Thu May  7 11:25:03 2026	12730368	ae0b5b2c0e86071840d84cff8a75910023b972ca05a2d6142d57808434b042b0	Armbian_26.2.6_Rock-5b-plus_resolute_vendor_6.1.115_gnome_desktop.img.xz	rock-5b-plus/Resolute_vendor_gnome
rock-5b-plus	CLEAN	193544,194680,193768	Thu May  7 11:25:03 2026	12730368	0ab8cadda2de37fac92e8285645186ef879323d2b53fda461b06ab53a5adbf41	Armbian_26.2.6_Rock-5b-plus_resolute_vendor_6.1.115_kde-plasma_desktop.img.xz	rock-5b-plus/Resolute_vendor_kde-plasma
rock-5b-plus	CLEAN	193544,194680,193768	Thu May  7 11:25:03 2026	12730368	48902743f37d02b6f11d226bada2178d64b1cb1d699f00612251491ee691e45b	Armbian_26.2.6_Rock-5b-plus_resolute_vendor_6.1.115_minimal.img.xz	rock-5b-plus/Resolute_vendor_minimal
rock-5b-plus	CLEAN	193544,194680,193768	Thu May  7 11:22:20 2026	12730368	20ec0f527124ab4de1bdc2dabe287a6dfb4fc711d0a1b2e84079b862f4e77bf2	Armbian_26.2.6_Rock-5b-plus_trixie_current_6.18.28_minimal.img.xz	rock-5b-plus/Trixie_current_minimal
rock-5b-plus	CLEAN	193544,194680,193768	Thu May  7 11:25:03 2026	12730368	3ee5d4913d83f6e48600c0dc9e533cfa5027f3829abca3e6e659f34c786cd6ce	Armbian_26.2.6_Rock-5b-plus_trixie_vendor_6.1.115_minimal.img.xz	rock-5b-plus/Trixie_vendor_minimal
rock-5b-plus	CLEAN	193544,194680,193768	Wed Jul 15 17:52:19 2026	12909839	c441c51355552a456adac755ba8b69c4f4fca6de2ab1ea4867f1728cbfa5fa71	Armbian_26.8.0-trunk.400_Rock-5b-plus_forky_vendor_6.1.115_minimal.img.xz	nightly/rock-5b-plus/Forky_vendor_minimal
rock-5b-plus	CLEAN	193544,194680,193768	Wed Jul 15 17:52:19 2026	20971520	1271271d16f4012ed01e26e046397e2e11b15054ec651565a90c100548ce4682	Armbian_26.8.0-trunk.400_Rock-5b-plus_resolute_vendor_6.1.115_gnome_desktop.img.xz	nightly/rock-5b-plus/Resolute_vendor_gnome
rock-5c	CLEAN	14173	Thu Jan 15 11:45:36 2026	12861440	05d90823379f359c6db0d003183b8c964b1dcabe26648731b6b78ccb30c50cea	Armbian_26.2.1_Rock-5c_sid_vendor_6.1.115-kali.img.xz	rock-5c/Sid_vendor_server-kali
rock-5c	CLEAN	14173	Thu Jan 15 11:45:36 2026	18841600	0ffdcd3ff248e5f62e46e867457c163325a851fa524ffd0adc55fa7ebb8095bb	Armbian_26.2.1_Rock-5c_trixie_vendor_6.1.115-homeassistant.img.xz	rock-5c/Trixie_vendor_server-homeassistant
rock-5c	CLEAN	14173	Thu Jan 15 11:45:36 2026	12861440	b88c4190030deb918f9c54be7446f9e93bdbe73a53d8a140bfa9f818621ff0c0	Armbian_26.2.1_Rock-5c_trixie_vendor_6.1.115-omv_minimal.img.xz	rock-5c/Trixie_vendor_minimal-omv
rock-5c	CLEAN	14173	Thu Jan 15 11:45:36 2026	12942620	74518be4bcd3aae1172493f29b8d59b63727b36ddc62c9928af15818b0e3fc33	Armbian_26.2.1_Rock-5c_trixie_vendor_6.1.115-openhab.img.xz	rock-5c/Trixie_vendor_server-openhab
rock-5c	CLEAN	14173	Sun May 24 02:54:29 2026	12730368	97a1db38b1947591cd64fcfe421fbdb20fbdfc25a4e7f09b66b2054ca836f66e	Armbian_26.5.1_Rock-5c_resolute_current_6.18.33_gnome_desktop.img.xz	rock-5c/Resolute_current_gnome
rock-5c	CLEAN	14173	Sun May 24 02:54:29 2026	12746752	8ce5de95935972f546b1362b4f0637def6c9a55658077c86249bc2c9f5f30a8b	Armbian_26.5.1_Rock-5c_resolute_current_6.18.33_kde-plasma_desktop.img.xz	rock-5c/Resolute_current_kde-plasma
rock-5c	CLEAN	14173	Sun May 24 02:54:29 2026	12730368	267804fe4b8ea4e723ccccaee49cd656c35aa00d535e3583455e6ca58e287f22	Armbian_26.5.1_Rock-5c_resolute_current_6.18.33_minimal.img.xz	rock-5c/Resolute_current_minimal
rock-5c	CLEAN	14173	Sun May 24 03:33:41 2026	12730368	734e7df8d0b4750adfc6a71266a5bae9bce5eb123be9bb77efc2e86720978639	Armbian_26.5.1_Rock-5c_resolute_vendor_6.1.115_gnome_desktop.img.xz	rock-5c/Resolute_vendor_gnome
rock-5c	CLEAN	14173	Sun May 24 03:33:41 2026	12648448	960d887fe7358dea86802945a79a0816ea455e700791d54627f44ae22a471f09	Armbian_26.5.1_Rock-5c_resolute_vendor_6.1.115_kde-plasma_desktop.img.xz	rock-5c/Resolute_vendor_kde-plasma
rock-5c	CLEAN	14173	Sun May 24 03:33:41 2026	12730368	f50dee4ce1bc5a2ea8ff1248f521941982e68966966f6a3b6655a0eb83cc4e69	Armbian_26.5.1_Rock-5c_resolute_vendor_6.1.115_minimal.img.xz	rock-5c/Resolute_vendor_minimal
rock-5c	CLEAN	14173	Sun May 24 02:54:29 2026	12730368	f326f6804ea758597811dbc205b60db6a83a6be346a47938f7c2af27ad963cc7	Armbian_26.5.1_Rock-5c_trixie_current_6.18.33_minimal.img.xz	rock-5c/Trixie_current_minimal
rock-5c	CLEAN	14173	Sun May 24 03:33:41 2026	12730368	58d306a9c5724000f06957982499c0acaea270389e575aa0544d361f2083a631	Armbian_26.5.1_Rock-5c_trixie_vendor_6.1.115_minimal.img.xz	rock-5c/Trixie_vendor_minimal
rock-5c	CLEAN	14173	Sat Jul  4 07:54:31 2026	12926085	4b85c864d2363f04feb673143827f315cb8b0b9c8d59ea8a216b36456923915f	Armbian_26.8.0-trunk.400_Rock-5c_forky_vendor_6.1.115_minimal.img.xz	nightly/rock-5c/Forky_vendor_minimal
rock-5c	CLEAN	14173	Sat Jul  4 07:54:31 2026	12729610	88dc9f0f71e94f053ec52bbb10d009549b9c61c65c06d3b49409b6de5d5bd34b	Armbian_26.8.0-trunk.400_Rock-5c_resolute_vendor_6.1.115_gnome_desktop.img.xz	nightly/rock-5c/Resolute_vendor_gnome
rock-5t	CLEAN	126752	Sat Feb  7 20:10:10 2026	13511744	4424181f86538d5098c66832f3c9ec4757ee569ab6787dde46ce042933c43e41	Armbian_26.2.1_Rock-5t_sid_vendor_6.1.115-kali.img.xz	rock-5t/Sid_vendor_server-kali
rock-5t	CLEAN	126752	Sat Feb  7 20:10:10 2026	13582336	992097fee652d14c804cae682497eb1422f420ce6297503c8b068cc6ec9bc5a4	Armbian_26.2.1_Rock-5t_trixie_vendor_6.1.115-homeassistant.img.xz	rock-5t/Trixie_vendor_server-homeassistant
rock-5t	CLEAN	126752	Sat Feb  7 20:10:10 2026	12811545	e9671e918854cde96e076d867d6874e3e8fb660c66bcfa65e97bca5066ce5a17	Armbian_26.2.1_Rock-5t_trixie_vendor_6.1.115-omv_minimal.img.xz	rock-5t/Trixie_vendor_minimal-omv
rock-5t	CLEAN	126752	Sat Feb  7 20:10:10 2026	12894208	56b735e617a6726c7fbf9046899e1771af56c830122b36c5d4e3f406d63cf752	Armbian_26.2.1_Rock-5t_trixie_vendor_6.1.115-openhab.img.xz	rock-5t/Trixie_vendor_server-openhab
rock-5t	CLEAN	193544,194680,193768	Wed May 20 15:34:49 2026	12730368	df544c6f0e53b432bc95c4941c402d53c202bdc2548273831d943b716ebbb2fe	Armbian_26.5.1_Rock-5t_resolute_current_6.18.33_gnome_desktop.img.xz	rock-5t/Resolute_current_gnome
rock-5t	CLEAN	193544,194680,193768	Wed May 20 15:34:49 2026	12730368	e750102da304c17dc2e70fd4a904a86d55a97af93f87dff20557532da266fcc1	Armbian_26.5.1_Rock-5t_resolute_current_6.18.33_kde-plasma_desktop.img.xz	rock-5t/Resolute_current_kde-plasma
rock-5t	CLEAN	193544,194680,193768	Wed May 20 15:34:49 2026	12730368	75e46fd893eb1485ae10889382cdd9db4b4ec24c185a4ef509c10ff547ee9744	Armbian_26.5.1_Rock-5t_resolute_current_6.18.33_minimal.img.xz	rock-5t/Resolute_current_minimal
rock-5t	CLEAN	193544,194680,193768	Sat May 23 22:21:31 2026	12730368	79805ad60b5c81042b4420e8fc49a3ec28431f893873f0a510dc1f9969a785ba	Armbian_26.5.1_Rock-5t_resolute_vendor_6.1.115_gnome_desktop.img.xz	rock-5t/Resolute_vendor_gnome
rock-5t	CLEAN	193544,194680,193768	Sat May 23 22:21:31 2026	12730368	e12897ebe47dda4fb1773edacc2ec8d81c7c13bc97a3512e16b00fcb444a885c	Armbian_26.5.1_Rock-5t_resolute_vendor_6.1.115_kde-plasma_desktop.img.xz	rock-5t/Resolute_vendor_kde-plasma
rock-5t	CLEAN	193544,194680,193768	Sat May 23 22:21:31 2026	12730368	df02a0f0acf2950a9ff64e198cd39575d19b0f7feb2692b7c24169980f0f5efc	Armbian_26.5.1_Rock-5t_resolute_vendor_6.1.115_minimal.img.xz	rock-5t/Resolute_vendor_minimal
rock-5t	CLEAN	193544,194680,193768	Wed May 20 15:34:49 2026	12730368	5b40121e1fe188d2db2003bf0bc18613169a90475fd72ee155c5c01f1dc37917	Armbian_26.5.1_Rock-5t_trixie_current_6.18.33_minimal.img.xz	rock-5t/Trixie_current_minimal
rock-5t	CLEAN	193544,194680,193768	Sat May 23 22:21:31 2026	12730368	c804c110bb7b4b441ad302d2c23079895c8edc4a98d47803d737e7828dc810c2	Armbian_26.5.1_Rock-5t_trixie_vendor_6.1.115_minimal.img.xz	rock-5t/Trixie_vendor_minimal
rock-5t	CLEAN	193544,194680,193768	Wed Jul 15 17:52:19 2026	13148736	5fb4bd0c961aab694e9804db9f6a672b33d6c7fc37cb53179d80b04380cd3a5a	Armbian_26.8.0-trunk.400_Rock-5t_forky_vendor_6.1.115_minimal.img.xz	nightly/rock-5t/Forky_vendor_minimal
rock-5t	CLEAN	193544,194680,193768	Wed Jul 15 17:52:19 2026	12773578	42070a00153b20ef940e32b0466e469f98a922d1cffe1df3c6e36d6a93d9da8d	Armbian_26.8.0-trunk.400_Rock-5t_resolute_vendor_6.1.115_gnome_desktop.img.xz	nightly/rock-5t/Resolute_vendor_gnome
