board	branch	exposure	status	fdt_bytes	fit_created	streamed_compressed_bytes	sha256	image	alias
armsom-aim7-io	vendor	affected-itb-target	CLEAN	10723	Thu Jul 16 22:36:27 2026	12828672	2f61dd2207b17b5b458207b729371df38b03a01be6484916f2d586d3e2b283b3	Armbian_community_26.8.0-trunk.413_Armsom-aim7-io_resolute_vendor_6.1.115_gnome_desktop.img.xz	armsom-aim7-io/Resolute_vendor_gnome
armsom-aim7-io	vendor	affected-itb-target	CLEAN	10723	Thu Jul 16 22:36:27 2026	13123584	f2447462ba3bdd3be16fc3118503fff4f73289bcde6aa965cf557360860c42b7	Armbian_community_26.8.0-trunk.413_Armsom-aim7-io_resolute_vendor_6.1.115_kde-plasma_desktop.img.xz	armsom-aim7-io/Resolute_vendor_kde-plasma
armsom-aim7-io	vendor	affected-itb-target	CLEAN	10723	Thu Jul 16 22:36:27 2026	13008896	229d6925efa910cc31e15c605bdebcb9c3fcd03d64c5c1ed24c7847f6f6e8519	Armbian_community_26.8.0-trunk.413_Armsom-aim7-io_trixie_vendor_6.1.115_minimal.img.xz	armsom-aim7-io/Trixie_vendor_minimal
armsom-cm5-io	vendor	affected-itb-target	CLEAN	9402	Thu Jul 16 22:27:39 2026	13729018	1c95cbc8eda1bc13c81583fd6aa7d0e25d2fcf0e15f72f200c4446a2d57dbdeb	Armbian_community_26.8.0-trunk.413_Armsom-cm5-io_resolute_vendor_6.1.115_gnome_desktop.img.xz	armsom-cm5-io/Resolute_vendor_gnome
armsom-cm5-io	vendor	affected-itb-target	CLEAN	9402	Thu Jul 16 22:27:39 2026	13680640	640649b0297aa999633ae0860b8508a1606649a7beb34bd52281dcf4959e8fb6	Armbian_community_26.8.0-trunk.413_Armsom-cm5-io_resolute_vendor_6.1.115_kde-plasma_desktop.img.xz	armsom-cm5-io/Resolute_vendor_kde-plasma
armsom-cm5-io	vendor	affected-itb-target	CLEAN	9402	Thu Jul 16 22:27:39 2026	14614528	406e744703c5f2fdb57b020a4bccdeaeec2de0815b1462caccda43313118defb	Armbian_community_26.8.0-trunk.413_Armsom-cm5-io_trixie_vendor_6.1.115_minimal.img.xz	armsom-cm5-io/Trixie_vendor_minimal
armsom-cm5-rpi-cm4-io	vendor	affected-itb-target	CLEAN	9402	Thu Jul 16 22:44:47 2026	12763136	58d8635768f7c7ffc28273909f5be5d4239c6aa75637c25f56a96fa8387b58f8	Armbian_community_26.8.0-trunk.413_Armsom-cm5-rpi-cm4-io_resolute_vendor_6.1.115_gnome_desktop.img.xz	armsom-cm5-rpi-cm4-io/Resolute_vendor_gnome
armsom-cm5-rpi-cm4-io	vendor	affected-itb-target	CLEAN	9402	Thu Jul 16 22:44:47 2026	12746752	075ad9958ea69ea71799a5c8db661c2c4e4ba8283461aaccd91de117bf56c693	Armbian_community_26.8.0-trunk.413_Armsom-cm5-rpi-cm4-io_resolute_vendor_6.1.115_kde-plasma_desktop.img.xz	armsom-cm5-rpi-cm4-io/Resolute_vendor_kde-plasma
armsom-cm5-rpi-cm4-io	vendor	affected-itb-target	CLEAN	9402	Thu Jul 16 19:45:12 2026	12812288	544db2030f039a8c62f66259763a92dbe248059c4437b7c324f9df0458bb89d4	Armbian_community_26.8.0-trunk.413_Armsom-cm5-rpi-cm4-io_trixie_vendor_6.1.115_minimal.img.xz	armsom-cm5-rpi-cm4-io/Trixie_vendor_minimal
armsom-sige1	vendor	affected-itb-target	CLEAN	7992	Thu Jul 16 22:40:03 2026	12730368	dea54afe50b3d3e8a4eecb03d468da4cca0e7f931365350fe42d7bae73af80a7	Armbian_community_26.8.0-trunk.413_Armsom-sige1_resolute_vendor_6.1.115_gnome_desktop.img.xz	armsom-sige1/Resolute_vendor_gnome
armsom-sige1	vendor	affected-itb-target	CLEAN	7992	Thu Jul 16 22:40:03 2026	13785216	ac6074b2f4c6bb8be6b059c1faf909c4d4316a9b77e4d9c41580d649424a075b	Armbian_community_26.8.0-trunk.413_Armsom-sige1_resolute_vendor_6.1.115_kde-plasma_desktop.img.xz	armsom-sige1/Resolute_vendor_kde-plasma
armsom-sige1	vendor	affected-itb-target	CLEAN	7992	Thu Jul 16 22:40:03 2026	13172736	76e3bbf0aa0f34588548327fd39bd56edeabab599e9a9ae2af2023e421be25d2	Armbian_community_26.8.0-trunk.413_Armsom-sige1_trixie_vendor_6.1.115_minimal.img.xz	armsom-sige1/Trixie_vendor_minimal
armsom-sige3	vendor	affected-itb-target	CLEAN	24748	Thu Jul 16 22:36:15 2026	13467648	72904cf0478faacf3e53e8c01f4cd328c645ff66fbfddca5dbb8e7f86b5da3b5	Armbian_community_26.8.0-trunk.413_Armsom-sige3_resolute_vendor_6.1.115_gnome_desktop.img.xz	armsom-sige3/Resolute_vendor_gnome
armsom-sige3	vendor	affected-itb-target	CLEAN	24748	Thu Jul 16 22:36:15 2026	13336576	f4a2ce503fd1f4d0a80c83e95b2a45ce9b2164437fe0e64e0cb4fb3b5633954f	Armbian_community_26.8.0-trunk.413_Armsom-sige3_resolute_vendor_6.1.115_kde-plasma_desktop.img.xz	armsom-sige3/Resolute_vendor_kde-plasma
armsom-sige3	vendor	affected-itb-target	CLEAN	24748	Thu Jul 16 22:36:15 2026	12992512	58002f5c2123ace4abf4e066374f2575ba8ace2f915d916958cfb9f3283eabd1	Armbian_community_26.8.0-trunk.413_Armsom-sige3_trixie_vendor_6.1.115_minimal.img.xz	armsom-sige3/Trixie_vendor_minimal
armsom-sige5	edge	affected-itb-target	CLEAN	10605	Thu Jul 16 22:31:08 2026	12768511	7b5188473d7c54c8df40b7f08d6ff31516256792c6775482f818189056abc09f	Armbian_community_26.8.0-trunk.413_Armsom-sige5_resolute_edge_7.1.3_gnome_desktop.img.xz	armsom-sige5/Resolute_edge_gnome
armsom-sige5	edge	affected-itb-target	CLEAN	10605	Thu Jul 16 22:31:08 2026	15810560	eb7e88434bd7fb37ccf5025fb737b4a1921862679d0fb0d4cb8bc47df6debabf	Armbian_community_26.8.0-trunk.413_Armsom-sige5_resolute_edge_7.1.3_kde-plasma_desktop.img.xz	armsom-sige5/Resolute_edge_kde-plasma
armsom-sige5	vendor	affected-itb-target	CLEAN	10605	Thu Jul 16 22:43:18 2026	15892480	987fa149528b3e1181556cb13a585e61bc8e9a122aae6c576f004cba9daa74f1	Armbian_community_26.8.0-trunk.413_Armsom-sige5_resolute_vendor_6.1.115_gnome_desktop.img.xz	armsom-sige5/Resolute_vendor_gnome
armsom-sige5	vendor	affected-itb-target	CLEAN	10605	Thu Jul 16 22:43:18 2026	13008896	c217c0a18cb1c53ecb4eb0e0a1dabb21ed5145144ac99d11efd01c05df827656	Armbian_community_26.8.0-trunk.413_Armsom-sige5_resolute_vendor_6.1.115_kde-plasma_desktop.img.xz	armsom-sige5/Resolute_vendor_kde-plasma
armsom-sige5	edge	affected-itb-target	CLEAN	10605	Fri Jul 17 03:55:32 2026	12894208	23a9105611628d2badc3ce01a25ee75dc71bcb276c3f1339dfa734310e51493c	Armbian_community_26.8.0-trunk.413_Armsom-sige5_trixie_edge_7.1.3_minimal.img.xz	armsom-sige5/Trixie_edge_minimal
armsom-sige5	vendor	affected-itb-target	CLEAN	10605	Thu Jul 16 22:43:18 2026	13139968	2852a5546082afa62f100167f2cb4a543a23ecd81826c052ec37ca3ded7db137	Armbian_community_26.8.0-trunk.413_Armsom-sige5_trixie_vendor_6.1.115_minimal.img.xz	armsom-sige5/Trixie_vendor_minimal
armsom-sige7	current	affected-itb-target	CLEAN	13854	Thu Jul 16 22:39:47 2026	13071966	6dc995dcceb0fd840ebb51985cd322e07b78754a65f56ba558f49946704cbb49	Armbian_community_26.8.0-trunk.413_Armsom-sige7_resolute_current_6.18.38_gnome_desktop.img.xz	armsom-sige7/Resolute_current_gnome
armsom-sige7	current	affected-itb-target	CLEAN	13854	Thu Jul 16 22:39:47 2026	15335424	dc61e3f82890b911fa1f8fda1356ea047fc433b4812897af84deccd0627890e9	Armbian_community_26.8.0-trunk.413_Armsom-sige7_resolute_current_6.18.38_kde-plasma_desktop.img.xz	armsom-sige7/Resolute_current_kde-plasma
armsom-sige7	vendor	affected-itb-target	CLEAN	13854	Thu Jul 16 22:34:43 2026	13152880	fbfc4fdb1d477856f9e6c5dd5e63703d0fae73377deac4d59fdc80288a111be0	Armbian_community_26.8.0-trunk.413_Armsom-sige7_resolute_vendor_6.1.115_gnome_desktop.img.xz	armsom-sige7/Resolute_vendor_gnome
armsom-sige7	vendor	affected-itb-target	CLEAN	13854	Thu Jul 16 22:34:43 2026	13549568	1a0eeda99e43176272c8ec95f13a9fde2b0773ed2ddaa4b8a5abe671d87148ca	Armbian_community_26.8.0-trunk.413_Armsom-sige7_resolute_vendor_6.1.115_kde-plasma_desktop.img.xz	armsom-sige7/Resolute_vendor_kde-plasma
armsom-sige7	current	affected-itb-target	CLEAN	13854	Thu Jul 16 22:39:47 2026	13156352	7638300445aad8c95ac604d35e69cbcc02c8ee73b39112982e307a852a85d5f5	Armbian_community_26.8.0-trunk.413_Armsom-sige7_trixie_current_6.18.38_minimal.img.xz	armsom-sige7/Trixie_current_minimal
armsom-sige7	vendor	affected-itb-target	CLEAN	13854	Thu Jul 16 22:34:43 2026	14005696	7ce363d78792952c8d484da523c55ee3e132327dbe76fee13be32589f0e90faa	Armbian_community_26.8.0-trunk.413_Armsom-sige7_trixie_vendor_6.1.115_minimal.img.xz	armsom-sige7/Trixie_vendor_minimal
armsom-w3	vendor	affected-itb-target	CLEAN	12792	Thu Jul 16 22:27:44 2026	14581760	5fca40b1c4e1739913794634b685f28016ecd7c8cff3d3871a18a160c0bb903c	Armbian_community_26.8.0-trunk.413_Armsom-w3_resolute_vendor_6.1.115_gnome_desktop.img.xz	armsom-w3/Resolute_vendor_gnome
armsom-w3	vendor	affected-itb-target	CLEAN	12792	Thu Jul 16 22:27:44 2026	13674304	8e62b475887613c35ed010214eafe247653c86b4a641282c520c1b2bc9451f3a	Armbian_community_26.8.0-trunk.413_Armsom-w3_resolute_vendor_6.1.115_kde-plasma_desktop.img.xz	armsom-w3/Resolute_vendor_kde-plasma
armsom-w3	vendor	affected-itb-target	CLEAN	12792	Thu Jul 16 22:27:44 2026	13025280	eb26d775a99532acdfe3c7d16e7c08fbe1d86041301534e07257f0be440c430c	Armbian_community_26.8.0-trunk.413_Armsom-w3_trixie_vendor_6.1.115_minimal.img.xz	armsom-w3/Trixie_vendor_minimal
bananapim5pro	vendor	affected-itb-target	CLEAN	10625	Mon Feb  2 21:20:58 2026	12730368	4dc2f155dfadc9ea9e5b933266b3945b6f0cdee865488ab97d70965ffbbf200c	Armbian_26.2.1_Bananapim5pro_noble_vendor_6.1.115_gnome_desktop.img.xz	bananapim5pro/Noble_vendor_gnome
bananapim5pro	vendor	affected-itb-target	CLEAN	10625	Mon Feb  2 21:20:58 2026	12730368	8aa5e6e6ba4a5bf5b2f8055d303f3b9e2514c109bb02fb3bc2216a1ce1165e9c	Armbian_26.2.1_Bananapim5pro_noble_vendor_6.1.115_kde-neon_desktop.img.xz	bananapim5pro/Noble_vendor_kde-neon
bananapim5pro	vendor	affected-itb-target	CLEAN	10625	Mon Feb  2 21:20:58 2026	12730368	3783e80a7113558b434636ce10dc2a672b8f26b2439ab730240aae921ab90790	Armbian_26.2.1_Bananapim5pro_noble_vendor_6.1.115_minimal.img.xz	bananapim5pro/Noble_vendor_minimal
bananapim5pro	edge	affected-itb-target	BROKEN	-	Fri Apr 24 21:12:54 2026	12730368	586427a726b9b8c3251ec284473b468514f137875f69fb71b318ae04c7e5ac24	Armbian_26.2.5_Bananapim5pro_resolute_edge_7.0.1_minimal.img.xz	bananapim5pro/Resolute_edge_minimal
bananapim5pro	vendor	affected-itb-target	CLEAN	10625	Fri Apr 24 21:11:50 2026	12730368	abc39d64903d7309db2c4b30495f25030b7476eba7400e73d81e579f8fa82bd0	Armbian_26.2.5_Bananapim5pro_resolute_vendor_6.1.115_minimal.img.xz	bananapim5pro/Resolute_vendor_minimal
bananapim5pro	vendor	affected-itb-target	CLEAN	10625	Wed Feb 11 20:10:03 2026	12926237	ea5dbf81b3a460196b03753d2b1d99a9bc5d31842173e32ae880c5b0ff5741ea	Armbian_26.2.1_Bananapim5pro_sid_vendor_6.1.115-kali.img.xz	bananapim5pro/Sid_vendor_server-kali
bananapim5pro	vendor	affected-itb-target	CLEAN	10625	Mon Feb  2 21:20:58 2026	12730368	6bf28c5e07574a6d857adf62acaa8377167654d67ffd0ed718bddc996ca7a0d8	Armbian_26.2.1_Bananapim5pro_trixie_vendor_6.1.115_minimal.img.xz	bananapim5pro/Trixie_vendor_minimal
bananapim5pro	vendor	affected-itb-target	CLEAN	10625	Wed Feb 11 20:10:03 2026	13139968	ebb57fb49c8db80694058fb019ee8eb1980d3e98ed65e15d573a20a21a672d60	Armbian_26.2.1_Bananapim5pro_trixie_vendor_6.1.115-omv_minimal.img.xz	bananapim5pro/Trixie_vendor_minimal-omv
bananapim5pro	vendor	affected-itb-target	CLEAN	10625	Wed Feb 11 20:10:03 2026	13237506	359b065bb11dd6440208b2a901c6b33de662904f317599b3496a2a0cf951bc7f	Armbian_26.2.1_Bananapim5pro_trixie_vendor_6.1.115-homeassistant.img.xz	bananapim5pro/Trixie_vendor_server-homeassistant
bananapim5pro	vendor	affected-itb-target	CLEAN	10625	Wed Feb 11 20:10:03 2026	13058048	512c97be9f770f47675849b2f4238693df800bc20c6661e05410444fa9663976	Armbian_26.2.1_Bananapim5pro_trixie_vendor_6.1.115-openhab.img.xz	bananapim5pro/Trixie_vendor_server-openhab
bananapim5pro	vendor	affected-itb-target	CLEAN	10625	Tue Jul 14 22:46:30 2026	12992512	a691a1eb801c91e58091ca10e013809bf4940c2483a58297414764cbf5301baa	Armbian_26.8.0-trunk.400_Bananapim5pro_forky_vendor_6.1.115_minimal.img.xz	nightly/bananapim5pro/Forky_vendor_minimal
bananapim5pro	vendor	affected-itb-target	CLEAN	10625	Tue Jul 14 22:46:30 2026	13008132	64a3bf831b58aa7f854c055c925dec3054c9d1453f87165e295bd619c45e3d73	Armbian_26.8.0-trunk.400_Bananapim5pro_resolute_vendor_6.1.115_gnome_desktop.img.xz	nightly/bananapim5pro/Resolute_vendor_gnome
bananapim7	current	affected-itb-target	CLEAN	13854	Mon Feb  9 08:07:00 2026	12730368	9242251d186d29dc77e86828df28a842b61f8b8d836289f60cdee82a0081f8b7	Armbian_26.2.1_Bananapim7_noble_current_6.18.9_gnome_desktop.img.xz	bananapim7/Noble_current_gnome
bananapim7	current	affected-itb-target	CLEAN	13854	Mon Feb  9 08:07:00 2026	12730368	01d24340d7b187c479e02c31025edb0d43970b602cfff54cc5b7f35d4d79fd4d	Armbian_26.2.1_Bananapim7_noble_current_6.18.9_kde-neon_desktop.img.xz	bananapim7/Noble_current_kde-neon
bananapim7	current	affected-itb-target	CLEAN	13854	Mon Feb  9 08:07:00 2026	12730368	646a65963af3305bb84de33c0692fce8ece6a5e6ccce6f857386dd7172947956	Armbian_26.2.1_Bananapim7_noble_current_6.18.9_minimal.img.xz	bananapim7/Noble_current_minimal
bananapim7	vendor	affected-itb-target	CLEAN	13854	Mon Feb  9 08:07:13 2026	12713984	fad04139d35ab898e599f3b3c5b83865ccb9d8df726ad4aa7dd50684346f4304	Armbian_26.2.1_Bananapim7_noble_vendor_6.1.115_gnome_desktop.img.xz	bananapim7/Noble_vendor_gnome
bananapim7	vendor	affected-itb-target	CLEAN	13854	Mon Feb  9 08:07:13 2026	12730368	6aa0f26d4e012184b918b32749aba69a1436d2fd20f7ac8dee4350331a9d21a2	Armbian_26.2.1_Bananapim7_noble_vendor_6.1.115_kde-neon_desktop.img.xz	bananapim7/Noble_vendor_kde-neon
bananapim7	vendor	affected-itb-target	CLEAN	13854	Mon Feb  9 08:07:13 2026	12730368	4589666695f074e6d77aab05886c092934d5a572a80efd83c106bf54f6e4022a	Armbian_26.2.1_Bananapim7_noble_vendor_6.1.115_minimal.img.xz	bananapim7/Noble_vendor_minimal
bananapim7	current	affected-itb-target	CLEAN	13854	Thu Apr 23 21:33:40 2026	12730368	7031329fc4d10d2610123deebe37d58fa80685db84b3c5d42f36d0c79f6fd30c	Armbian_26.2.5_Bananapim7_resolute_current_6.18.24_minimal.img.xz	bananapim7/Resolute_current_minimal
bananapim7	vendor	affected-itb-target	CLEAN	13854	Fri Apr 24 01:24:39 2026	12730368	6db542f3e87791fd2fa1d2ea0ca53384ddbea8107b32dae8cc4df4149c92eb4d	Armbian_26.2.5_Bananapim7_resolute_vendor_6.1.115_minimal.img.xz	bananapim7/Resolute_vendor_minimal
bananapim7	vendor	affected-itb-target	CLEAN	13854	Wed Feb 11 20:04:47 2026	12990889	b53a8154884d960910ba5f1dd0b4a4c16a2fdaf880f1d904b1e2d9724420ee45	Armbian_26.2.1_Bananapim7_sid_vendor_6.1.115-kali.img.xz	bananapim7/Sid_vendor_server-kali
bananapim7	current	affected-itb-target	CLEAN	13854	Mon Feb  9 08:07:00 2026	12730368	2e50337135b1b021744a82485ca4504b8879c424097866f7ae42357ffb09d08b	Armbian_26.2.1_Bananapim7_trixie_current_6.18.9_minimal.img.xz	bananapim7/Trixie_current_minimal
bananapim7	vendor	affected-itb-target	CLEAN	13854	Mon Feb  9 08:07:13 2026	12730368	47a9c75bde827397a939a287bc734665bb7366d9554e6c2d88bc11de01dfdf9f	Armbian_26.2.1_Bananapim7_trixie_vendor_6.1.115_minimal.img.xz	bananapim7/Trixie_vendor_minimal
bananapim7	vendor	affected-itb-target	CLEAN	13854	Wed Feb 11 20:04:47 2026	12959744	c0dc4d882d14ea6b40bcc2e3647e7360f8e4cc505e4a1c259b8f8a6b45305f44	Armbian_26.2.1_Bananapim7_trixie_vendor_6.1.115-omv_minimal.img.xz	bananapim7/Trixie_vendor_minimal-omv
bananapim7	vendor	affected-itb-target	CLEAN	13854	Wed Feb 11 20:04:47 2026	13402112	c21f461d2535f21137204cc0fa50adb22d14979b70d60fa1da7ca1c9259f5f07	Armbian_26.2.1_Bananapim7_trixie_vendor_6.1.115-homeassistant.img.xz	bananapim7/Trixie_vendor_server-homeassistant
bananapim7	vendor	affected-itb-target	CLEAN	13854	Wed Feb 11 20:04:47 2026	12832448	0088d4f8bcf10c6388b8d58d43362926cc60ad50e8fb788f27f180edea15b705	Armbian_26.2.1_Bananapim7_trixie_vendor_6.1.115-openhab.img.xz	bananapim7/Trixie_vendor_server-openhab
bananapim7	vendor	affected-itb-target	CLEAN	13854	Tue Jul 14 22:45:17 2026	12976128	be3dc4e9794f52f748392851bb19c542dc7365d1937980357ce8b72c057df412	Armbian_26.8.0-trunk.400_Bananapim7_forky_vendor_6.1.115_minimal.img.xz	nightly/bananapim7/Forky_vendor_minimal
bananapim7	vendor	affected-itb-target	CLEAN	13854	Tue Jul 14 22:45:17 2026	12811527	0a8350e606593dd95edf458e92d7c753b603f4a5f54c692f89d5e46599e5edae	Armbian_26.8.0-trunk.400_Bananapim7_resolute_vendor_6.1.115_gnome_desktop.img.xz	nightly/bananapim7/Resolute_vendor_gnome
cyber-aib-rk3588	edge	affected-itb-target	CLEAN	12893	Thu Jul 16 19:45:19 2026	13008896	ef0020cf9029ec04e73cbc4874ff96272754d978d076968ed675c5c7268de318	Armbian_community_26.8.0-trunk.413_Cyber-aib-rk3588_resolute_edge_7.1.3_gnome_desktop.img.xz	cyber-aib-rk3588/Resolute_edge_gnome
cyber-aib-rk3588	edge	affected-itb-target	CLEAN	12893	Thu Jul 16 19:45:19 2026	12779520	2db24b9b4c1709892c92ea05c537d82dc8d1a8fdba7e1f3d3794d6fbec43a2da	Armbian_community_26.8.0-trunk.413_Cyber-aib-rk3588_resolute_edge_7.1.3_kde-plasma_desktop.img.xz	cyber-aib-rk3588/Resolute_edge_kde-plasma
cyber-aib-rk3588	vendor	affected-itb-target	CLEAN	12893	Thu Jul 16 19:44:49 2026	13254656	0d26717f87d00cc435f20b41c3fd5959aa8179fc45ee334b7d70962f274193b5	Armbian_community_26.8.0-trunk.413_Cyber-aib-rk3588_resolute_vendor_6.1.115_gnome_desktop.img.xz	cyber-aib-rk3588/Resolute_vendor_gnome
cyber-aib-rk3588	vendor	affected-itb-target	CLEAN	12893	Thu Jul 16 19:44:49 2026	12992512	83b79e86fb1e16a089e9bb9d3549c4a8b18e2b5a16f7c57498fda282a620b53a	Armbian_community_26.8.0-trunk.413_Cyber-aib-rk3588_resolute_vendor_6.1.115_kde-plasma_desktop.img.xz	cyber-aib-rk3588/Resolute_vendor_kde-plasma
cyber-aib-rk3588	edge	affected-itb-target	CLEAN	12893	Thu Jul 16 19:45:19 2026	13205504	d8d7e69121eed664babe253682cef5599be444eb681394a045e41e0d6719d4f6	Armbian_community_26.8.0-trunk.413_Cyber-aib-rk3588_trixie_edge_7.1.3_minimal.img.xz	cyber-aib-rk3588/Trixie_edge_minimal
cyber-aib-rk3588	vendor	affected-itb-target	CLEAN	12893	Thu Jul 16 19:44:49 2026	12795904	7ebcec283987b3da43a1afa75243e8988a199a307d7902bcf5e49721419b1544	Armbian_community_26.8.0-trunk.413_Cyber-aib-rk3588_trixie_vendor_6.1.115_minimal.img.xz	cyber-aib-rk3588/Trixie_vendor_minimal
dshanpi-a1	vendor	affected-itb-target	CLEAN	9434	Thu Jul 16 19:44:14 2026	13058048	bd541f1030a567a06dc4383e9255879d1dcf0ef2a469893e64bf4b52f51d1549	Armbian_community_26.8.0-trunk.413_Dshanpi-a1_resolute_vendor_6.1.115_gnome_desktop.img.xz	dshanpi-a1/Resolute_vendor_gnome
dshanpi-a1	vendor	affected-itb-target	CLEAN	9434	Thu Jul 16 19:44:14 2026	12910592	6fc155425b046c9b3d6c69b9e8356e48d29b9386dec0ef7760bc4fafc4d651df	Armbian_community_26.8.0-trunk.413_Dshanpi-a1_resolute_vendor_6.1.115_kde-plasma_desktop.img.xz	dshanpi-a1/Resolute_vendor_kde-plasma
dshanpi-a1	vendor	affected-itb-target	CLEAN	9434	Thu Jul 16 19:44:14 2026	12943360	bd4554a80448daadab7544782fbd02648339949d0a3249a179be10e50dbab470	Armbian_community_26.8.0-trunk.413_Dshanpi-a1_trixie_vendor_6.1.115_minimal.img.xz	dshanpi-a1/Trixie_vendor_minimal
firefly-itx-3588j	vendor	affected-itb-target	CLEAN	10739	Thu Jul 16 19:44:07 2026	13107200	7f2baa4386766f739de90799343141292d633c8e376046393db748fd72873019	Armbian_community_26.8.0-trunk.413_Firefly-itx-3588j_resolute_vendor_6.1.115_gnome_desktop.img.xz	firefly-itx-3588j/Resolute_vendor_gnome
firefly-itx-3588j	vendor	affected-itb-target	CLEAN	10739	Thu Jul 16 19:44:07 2026	12959744	ae4a369eb84c3d96952e10c276075d8abf1331b905dfdbf2c18b270a3ebafb9c	Armbian_community_26.8.0-trunk.413_Firefly-itx-3588j_resolute_vendor_6.1.115_kde-plasma_desktop.img.xz	firefly-itx-3588j/Resolute_vendor_kde-plasma
firefly-itx-3588j	vendor	affected-itb-target	CLEAN	10739	Thu Jul 16 19:44:07 2026	12926976	4d88a6a392dcfc1aef4c8fc55f666653865827fd724f5edfca59ac91daa1707a	Armbian_community_26.8.0-trunk.413_Firefly-itx-3588j_trixie_vendor_6.1.115_minimal.img.xz	firefly-itx-3588j/Trixie_vendor_minimal
fxblox-rk1	vendor	affected-itb-target	CLEAN	15466	Thu Jul 16 19:45:18 2026	13107200	a0ba02fb33b79b9e66e05ec71d01a5db5565e6b294b398605907dd0e52732cd0	Armbian_community_26.8.0-trunk.413_Fxblox-rk1_resolute_vendor_6.1.115_gnome_desktop.img.xz	fxblox-rk1/Resolute_vendor_gnome
fxblox-rk1	vendor	affected-itb-target	CLEAN	15466	Thu Jul 16 19:45:18 2026	13090752	5faf532841715f283bcbc2727ec77d21ff543534870575ff6b158b0b20810bcd	Armbian_community_26.8.0-trunk.413_Fxblox-rk1_resolute_vendor_6.1.115_kde-plasma_desktop.img.xz	fxblox-rk1/Resolute_vendor_kde-plasma
fxblox-rk1	vendor	affected-itb-target	CLEAN	15466	Thu Jul 16 19:45:18 2026	12828672	9d1e139767528255c0f35d8250044ba6f1af45e1fbb1822fdf6cee4fbc7dac27	Armbian_community_26.8.0-trunk.413_Fxblox-rk1_trixie_vendor_6.1.115_minimal.img.xz	fxblox-rk1/Trixie_vendor_minimal
hinlink-h28k	vendor	affected-itb-target	CLEAN	7992	Thu Jul 16 19:45:04 2026	12745979	a98145af37e481ed259de2b38297756eb614d079a7667a5cf8a95f798972fc08	Armbian_community_26.8.0-trunk.413_Hinlink-h28k_resolute_vendor_6.1.115_gnome_desktop.img.xz	hinlink-h28k/Resolute_vendor_gnome
hinlink-h28k	vendor	affected-itb-target	CLEAN	7992	Thu Jul 16 19:45:04 2026	12730368	5db5e4b70de099156c3a5647f6948205017ffbe2e561b0cdcbf21f3c7104ed88	Armbian_community_26.8.0-trunk.413_Hinlink-h28k_resolute_vendor_6.1.115_kde-plasma_desktop.img.xz	hinlink-h28k/Resolute_vendor_kde-plasma
hinlink-h28k	vendor	affected-itb-target	CLEAN	7992	Thu Jul 16 19:45:04 2026	12730028	b2b832f0e0cbdaa057302b38ed42ff94cc94fdaa2e14d820b2e92765e98a58b2	Armbian_community_26.8.0-trunk.413_Hinlink-h28k_trixie_vendor_6.1.115_minimal.img.xz	hinlink-h28k/Trixie_vendor_minimal
hinlink-h66k	current	affected-itb-target	CLEAN	23956	Thu Jul 16 19:45:19 2026	12729594	04da5e1acaa1f532148cd2c38501206f4dcaf308d78438fb31f356d97dd5eacf	Armbian_community_26.8.0-trunk.413_Hinlink-h66k_resolute_current_6.18.38_gnome_desktop.img.xz	hinlink-h66k/Resolute_current_gnome
hinlink-h66k	current	affected-itb-target	CLEAN	23956	Thu Jul 16 19:45:19 2026	12842885	4f7a1c74939a51714d6fa4947bbbee04a0dc35f341a335a10fc4ea4015efb2a1	Armbian_community_26.8.0-trunk.413_Hinlink-h66k_resolute_current_6.18.38_kde-plasma_desktop.img.xz	hinlink-h66k/Resolute_current_kde-plasma
hinlink-h66k	current	affected-itb-target	CLEAN	23956	Thu Jul 16 19:45:19 2026	13008896	49b09e9f9e5127d98a0be9b4f0569d28bc95630124dd11f7e114782ea0df8101	Armbian_community_26.8.0-trunk.413_Hinlink-h66k_trixie_current_6.18.38_minimal.img.xz	hinlink-h66k/Trixie_current_minimal
hinlink-h68k	current	affected-itb-target	CLEAN	23956	Thu Jul 16 19:45:07 2026	12910592	00e8b3d2b221701175cabd5a0b8f44e88a2bc34a7a550ca6f3926c4962e38fb8	Armbian_community_26.8.0-trunk.413_Hinlink-h68k_resolute_current_6.18.38_gnome_desktop.img.xz	hinlink-h68k/Resolute_current_gnome
hinlink-h68k	current	affected-itb-target	CLEAN	23956	Thu Jul 16 19:45:07 2026	12827893	90e87282b3794bc7a3a8f89df1bc82d230ca9c5374faa268308ebae0b9634380	Armbian_community_26.8.0-trunk.413_Hinlink-h68k_resolute_current_6.18.38_kde-plasma_desktop.img.xz	hinlink-h68k/Resolute_current_kde-plasma
hinlink-h68k	current	affected-itb-target	CLEAN	23956	Thu Jul 16 19:45:07 2026	13205504	38c7a5ca7cdc58b14d773404599712873d7a94f546c821a92fbc308769631881	Armbian_community_26.8.0-trunk.413_Hinlink-h68k_trixie_current_6.18.38_minimal.img.xz	hinlink-h68k/Trixie_current_minimal
hinlink-h88k	edge	affected-itb-target	CLEAN	10739	Thu Jul 16 19:44:37 2026	12943360	7c0b6b21ca6d48b3dd731bba1a6d6d34796b83b366b4793a2c0e7c66e751b8c4	Armbian_community_26.8.0-trunk.413_Hinlink-h88k_resolute_edge_7.1.3_gnome_desktop.img.xz	hinlink-h88k/Resolute_edge_gnome
hinlink-h88k	edge	affected-itb-target	CLEAN	10739	Thu Jul 16 19:44:37 2026	12910592	26d7fb87f4bc2a2ab00620016a65ff708212c39c693a214cf2b7fdd7c87bfddb	Armbian_community_26.8.0-trunk.413_Hinlink-h88k_resolute_edge_7.1.3_kde-plasma_desktop.img.xz	hinlink-h88k/Resolute_edge_kde-plasma
hinlink-h88k	vendor	affected-itb-target	CLEAN	10739	Thu Jul 16 19:45:03 2026	14106624	c7c0694dca27e52e8f04fd878719215032af55833cd21c615a5319a3627aa1be	Armbian_community_26.8.0-trunk.413_Hinlink-h88k_resolute_vendor_6.1.115_gnome_desktop.img.xz	hinlink-h88k/Resolute_vendor_gnome
hinlink-h88k	vendor	affected-itb-target	CLEAN	10739	Thu Jul 16 19:45:03 2026	12877824	7d384c2a07a709167fe2b98509f0d35539d46ac844b62380f5c5664cb2322509	Armbian_community_26.8.0-trunk.413_Hinlink-h88k_resolute_vendor_6.1.115_kde-plasma_desktop.img.xz	hinlink-h88k/Resolute_vendor_kde-plasma
hinlink-h88k	edge	affected-itb-target	CLEAN	10739	Thu Jul 16 19:44:37 2026	13221888	dc50dbadc4420b411e1fb2f0062d0c9103b11c7b347512167e3e23544b669017	Armbian_community_26.8.0-trunk.413_Hinlink-h88k_trixie_edge_7.1.3_minimal.img.xz	hinlink-h88k/Trixie_edge_minimal
hinlink-h88k	vendor	affected-itb-target	CLEAN	10739	Thu Jul 16 19:45:03 2026	13025280	fb71321e38a19c1ae949f005cf69b37d5269470c3fb8b6511d6010598767f8b5	Armbian_community_26.8.0-trunk.413_Hinlink-h88k_trixie_vendor_6.1.115_minimal.img.xz	hinlink-h88k/Trixie_vendor_minimal
hinlink-hnas	current	affected-itb-target	CLEAN	23956	Thu Jul 16 19:45:27 2026	13090816	813d62ace07efd993dc48686889173cc27b65884240ceae4edc04f900213a372	Armbian_community_26.8.0-trunk.413_Hinlink-hnas_resolute_current_6.18.38_gnome_desktop.img.xz	hinlink-hnas/Resolute_current_gnome
hinlink-hnas	current	affected-itb-target	CLEAN	23956	Thu Jul 16 19:45:27 2026	12959744	1829e5f28ddae1330566da57de61c675e5bfcaa953cd2878875d603cf6f89e82	Armbian_community_26.8.0-trunk.413_Hinlink-hnas_resolute_current_6.18.38_kde-plasma_desktop.img.xz	hinlink-hnas/Resolute_current_kde-plasma
hinlink-hnas	current	affected-itb-target	CLEAN	23956	Thu Jul 16 19:45:27 2026	12894208	a2656fa428e8199dbcb679e47db31c4d155b664037c5dfaa68d272aab5bb9649	Armbian_community_26.8.0-trunk.413_Hinlink-hnas_trixie_current_6.18.38_minimal.img.xz	hinlink-hnas/Trixie_current_minimal
hinlink-ht2	vendor	affected-itb-target	CLEAN	7992	Thu Jul 16 19:44:18 2026	12746752	580c583828191095c939cc506bc9a9dce8bdf0bc72e94e09d88d037a893e4382	Armbian_community_26.8.0-trunk.413_Hinlink-ht2_resolute_vendor_6.1.115_gnome_desktop.img.xz	hinlink-ht2/Resolute_vendor_gnome
hinlink-ht2	vendor	affected-itb-target	CLEAN	7992	Fri Jul 17 00:05:44 2026	12991735	3e22f9fe872cbffc6c6aa8c344aae54513f2e30532e4f9931b93b3fee7fe60f5	Armbian_community_26.8.0-trunk.413_Hinlink-ht2_resolute_vendor_6.1.115_kde-plasma_desktop.img.xz	hinlink-ht2/Resolute_vendor_kde-plasma
hinlink-ht2	vendor	affected-itb-target	CLEAN	7992	Thu Jul 16 19:44:18 2026	12726567	cb15e413085400c970f483b40baf7d788f9f2628b21d41933fbc71e833687255	Armbian_community_26.8.0-trunk.413_Hinlink-ht2_trixie_vendor_6.1.115_minimal.img.xz	hinlink-ht2/Trixie_vendor_minimal
imb3588	vendor	affected-itb-target	CLEAN	10739	Fri Apr 24 21:12:43 2026	12746752	d025bbbf19bee3c4ee162c675e78355a86b310404fb369f46efda749aeda5372	Armbian_26.2.5_Imb3588_resolute_vendor_6.1.115_minimal.img.xz	imb3588/Resolute_vendor_minimal
imb3588	vendor	affected-itb-target	BROKEN	-	Tue Feb 10 22:41:31 2026	12738275	dc9d59ba3e3880aab20bdc2f19fc29f0487c9dd4785567ce3786fc092f04e793	Armbian_26.2.1_Imb3588_sid_vendor_6.1.115-kali.img.xz	imb3588/Sid_vendor_server-kali
imb3588	vendor	affected-itb-target	BROKEN	-	Tue Feb 10 22:41:31 2026	13152512	87901e15d3fe42c1eea20ce66e8858dbddbfaf36901a42db78e21a6d9655e770	Armbian_26.2.1_Imb3588_trixie_vendor_6.1.115-omv_minimal.img.xz	imb3588/Trixie_vendor_minimal-omv
imb3588	vendor	affected-itb-target	BROKEN	-	Tue Feb 10 22:41:31 2026	13058048	fcf9852f0337d7d8e6e9109702cac4fb7f697800ffc99c07e9b709a3387eb7ec	Armbian_26.2.1_Imb3588_trixie_vendor_6.1.115-homeassistant.img.xz	imb3588/Trixie_vendor_server-homeassistant
imb3588	vendor	affected-itb-target	BROKEN	-	Tue Feb 10 22:41:31 2026	12893468	f0640e80360750f50e223695415f33aa944a27ad19af72036b3985c9cc82c705	Armbian_26.2.1_Imb3588_trixie_vendor_6.1.115-openhab.img.xz	imb3588/Trixie_vendor_server-openhab
imb3588	vendor	affected-itb-target	CLEAN	10739	Tue Jul  7 22:40:05 2026	12811540	2fb71f9db148d3a94af82e0177b8f6911bd1d2d8b50dbf12a65b8129a0e11d27	Armbian_26.8.0-trunk.400_Imb3588_forky_vendor_6.1.115_minimal.img.xz	nightly/imb3588/Forky_vendor_minimal
imb3588	vendor	affected-itb-target	CLEAN	10739	Tue Jul  7 22:40:05 2026	12913145	a5162aefef6666714c918d29ea32f21b9436a25d33036554716fe866cf10e6ff	Armbian_26.8.0-trunk.400_Imb3588_resolute_vendor_6.1.115_gnome_desktop.img.xz	nightly/imb3588/Resolute_vendor_gnome
jp-tvbox-3566	current	affected-itb-target	CLEAN	16008	Thu Jul 16 19:45:19 2026	12991737	13042c92773f17942cca030d794f7bf6748a32cd3c7a6bbf39c0a2da34dd8f7f	Armbian_community_26.8.0-trunk.413_Jp-tvbox-3566_resolute_current_6.18.38_gnome_desktop.img.xz	jp-tvbox-3566/Resolute_current_gnome
jp-tvbox-3566	current	affected-itb-target	CLEAN	16008	Thu Jul 16 19:45:19 2026	12943360	23a70f571b7c07851158b9a8452a7b06430d99a5a0c175485860aa827660e68e	Armbian_community_26.8.0-trunk.413_Jp-tvbox-3566_resolute_current_6.18.38_kde-plasma_desktop.img.xz	jp-tvbox-3566/Resolute_current_kde-plasma
jp-tvbox-3566	current	affected-itb-target	CLEAN	16008	Thu Jul 16 19:45:19 2026	12991394	b510a714ad103221252073c879a3439c558562338ccd05ed21f9653bf99b0e0a	Armbian_community_26.8.0-trunk.413_Jp-tvbox-3566_trixie_current_6.18.38_minimal.img.xz	jp-tvbox-3566/Trixie_current_minimal
luckfox-core3566	vendor	alternate-binman-target	CLEAN	69816	Sat Jul 11 23:30:20 2026	12730368	907b87da4b381a5f138f4b5a58ee699d98734e48cfcfa50ef52c161285d05c4c	Armbian_community_26.8.0-trunk.413_Luckfox-core3566_resolute_vendor_6.1.115_gnome_desktop.img.xz	luckfox-core3566/Resolute_vendor_gnome
luckfox-core3566	vendor	alternate-binman-target	CLEAN	69816	Sat Jul 11 23:30:20 2026	12795904	b20baca75761760c6a858e9752fa41dd33bf73196a1d90626097a0b0f7c031a3	Armbian_community_26.8.0-trunk.413_Luckfox-core3566_resolute_vendor_6.1.115_kde-plasma_desktop.img.xz	luckfox-core3566/Resolute_vendor_kde-plasma
luckfox-core3566	vendor	alternate-binman-target	CLEAN	69816	Sat Jul 11 23:30:20 2026	13449602	7735680121c35e46bb98b528b279335be50b9daa3385c5abacf8c7a4f82a8121	Armbian_community_26.8.0-trunk.413_Luckfox-core3566_trixie_vendor_6.1.115_minimal.img.xz	luckfox-core3566/Trixie_vendor_minimal
mangopi-m28k	vendor	affected-itb-target	CLEAN	7992	Thu Jul 16 19:45:20 2026	12894208	c3a918872eeae9169257d39bb032dd1b848e3865a55cdb0a456ac38ef4bb87c9	Armbian_community_26.8.0-trunk.413_Mangopi-m28k_resolute_vendor_6.1.115_gnome_desktop.img.xz	mangopi-m28k/Resolute_vendor_gnome
mangopi-m28k	vendor	affected-itb-target	CLEAN	7992	Thu Jul 16 19:45:20 2026	12746752	7ed9e9adc9781daee5363b6e0ce07bc785c8c88ff1d12159bdf649ce5ad845fb	Armbian_community_26.8.0-trunk.413_Mangopi-m28k_resolute_vendor_6.1.115_kde-plasma_desktop.img.xz	mangopi-m28k/Resolute_vendor_kde-plasma
mangopi-m28k	vendor	affected-itb-target	CLEAN	7992	Thu Jul 16 19:45:20 2026	12894208	222d27e946d999fe8ca355609d44a92e90ccb910575858f5b10bcd1b8e8cd81e	Armbian_community_26.8.0-trunk.413_Mangopi-m28k_trixie_vendor_6.1.115_minimal.img.xz	mangopi-m28k/Trixie_vendor_minimal
mekotronics-r58-4x4	vendor	affected-itb-target	BROKEN	-	Sun May 24 02:20:00 2026	12746752	8357e78b5fc362f231a10c3128572297aabbf3e53aa05538eb52d70e12a43a73	Armbian_26.5.1_Mekotronics-r58-4x4_resolute_vendor_6.1.115_gnome_desktop.img.xz	mekotronics-r58-4x4/Resolute_vendor_gnome
mekotronics-r58-4x4	vendor	affected-itb-target	BROKEN	-	Sun May 24 02:20:00 2026	12746752	a3240b94202c2f6a2cd0245749b812c66985a439c9bdb48f46e1d8502d838b01	Armbian_26.5.1_Mekotronics-r58-4x4_resolute_vendor_6.1.115_kde-plasma_desktop.img.xz	mekotronics-r58-4x4/Resolute_vendor_kde-plasma
mekotronics-r58-4x4	vendor	affected-itb-target	BROKEN	-	Sun May 24 02:20:00 2026	12730368	3c86b5447d1ee3eeefed3a7ba3db5c78e5ecd10010bbe5f9ab8d19faa97ee615	Armbian_26.5.1_Mekotronics-r58-4x4_resolute_vendor_6.1.115_minimal.img.xz	mekotronics-r58-4x4/Resolute_vendor_minimal
mekotronics-r58-4x4	vendor	affected-itb-target	CLEAN	13572	Sat Feb  7 20:12:35 2026	13209280	0c94ac93ecc97719ee20eb348822252c12e97f59d33802b8661054efb13253d4	Armbian_26.2.1_Mekotronics-r58-4x4_sid_vendor_6.1.115-kali.img.xz	mekotronics-r58-4x4/Sid_vendor_server-kali
mekotronics-r58-4x4	vendor	affected-itb-target	BROKEN	-	Sun May 24 02:20:00 2026	12730368	fe15f40e252c1ed52fd90de444e2d7c25f7600cc69a4a58c4ede70196c8bdc35	Armbian_26.5.1_Mekotronics-r58-4x4_trixie_vendor_6.1.115_minimal.img.xz	mekotronics-r58-4x4/Trixie_vendor_minimal
mekotronics-r58-4x4	vendor	affected-itb-target	CLEAN	13572	Sat Feb  7 20:12:35 2026	12926221	aa5ef0eeeb4a9508f268affb89ed4d3e4075b767d123acc71c1a9701a1046ef7	Armbian_26.2.1_Mekotronics-r58-4x4_trixie_vendor_6.1.115-omv_minimal.img.xz	mekotronics-r58-4x4/Trixie_vendor_minimal-omv
mekotronics-r58-4x4	vendor	affected-itb-target	CLEAN	13572	Sat Feb  7 20:12:35 2026	12942080	607b66919c01f2dc7ea1e4270182285783e1751d2e858eea7c75e2258ccec63e	Armbian_26.2.1_Mekotronics-r58-4x4_trixie_vendor_6.1.115-homeassistant.img.xz	mekotronics-r58-4x4/Trixie_vendor_server-homeassistant
mekotronics-r58-4x4	vendor	affected-itb-target	CLEAN	13572	Sat Feb  7 20:12:35 2026	13057296	e57949b7c484cd5ee90f520a701e3d439c6a2b38ca8d8765a2c939b5641e2f38	Armbian_26.2.1_Mekotronics-r58-4x4_trixie_vendor_6.1.115-openhab.img.xz	mekotronics-r58-4x4/Trixie_vendor_server-openhab
mekotronics-r58hd	vendor	affected-itb-target	CLEAN	13572	Mon Oct  6 20:25:53 2025	12730368	be696ded988f0a30b18f902df8742c4a27bb889ae99d1ba29add407bd40b95db	Armbian_25.8.2_Mekotronics-r58hd_noble_vendor_6.1.115_minimal.img.xz	mekotronics-r58hd/Noble_vendor_minimal
mekotronics-r58hd	vendor	affected-itb-target	UNAVAILABLE	-	-	-	-	Resolute_vendor_gnome	mekotronics-r58hd/Resolute_vendor_gnome
mekotronics-r58hd	vendor	affected-itb-target	UNAVAILABLE	-	-	-	-	Resolute_vendor_kde-plasma	mekotronics-r58hd/Resolute_vendor_kde-plasma
mekotronics-r58hd	vendor	affected-itb-target	UNAVAILABLE	-	-	-	-	Resolute_vendor_minimal	mekotronics-r58hd/Resolute_vendor_minimal
mekotronics-r58hd	vendor	affected-itb-target	CLEAN	13572	Sat Feb  7 20:08:37 2026	12976128	6232a8d0f1a87a46a71c54a94d81df02edcab1773dcb44b4f91af2c470031754	Armbian_26.2.1_Mekotronics-r58hd_sid_vendor_6.1.115-kali.img.xz	mekotronics-r58hd/Sid_vendor_server-kali
mekotronics-r58hd	vendor	affected-itb-target	UNAVAILABLE	-	-	-	-	Trixie_vendor_minimal	mekotronics-r58hd/Trixie_vendor_minimal
mekotronics-r58hd	vendor	affected-itb-target	CLEAN	13572	Sat Feb  7 20:08:37 2026	14253327	9c6b647b68e32d2f9bc6d8711618683aa8ce5729165a0ca2151d47e4fc6de1c6	Armbian_26.2.1_Mekotronics-r58hd_trixie_vendor_6.1.115-omv_minimal.img.xz	mekotronics-r58hd/Trixie_vendor_minimal-omv
mekotronics-r58hd	vendor	affected-itb-target	CLEAN	13572	Sat Feb  7 20:08:37 2026	13024525	223e730b0b18c56557ba5a69df7d05561257c8944fc6685f7963f98854e4b807	Armbian_26.2.1_Mekotronics-r58hd_trixie_vendor_6.1.115-homeassistant.img.xz	mekotronics-r58hd/Trixie_vendor_server-homeassistant
mekotronics-r58hd	vendor	affected-itb-target	CLEAN	13572	Sat Feb  7 20:08:37 2026	13090816	3d9ebd1df2984d813e37c906ea89c157636f9fa14fda58d8406f7ccadb22853f	Armbian_26.2.1_Mekotronics-r58hd_trixie_vendor_6.1.115-openhab.img.xz	mekotronics-r58hd/Trixie_vendor_server-openhab
mekotronics-r58hd	vendor	affected-itb-target	CLEAN	13572	Mon Oct  6 20:25:53 2025	12697600	00bc0a896aeda806b58cf69919fd06384a9f443801156fe01ea01438a1868bde	Armbian_25.8.2_Mekotronics-r58hd_trixie_vendor_6.1.115_xfce_desktop.img.xz	mekotronics-r58hd/Trixie_vendor_xfce
mekotronics-r58-minipc	vendor	affected-itb-target	CLEAN	9123	Thu Jul 16 19:44:48 2026	13107200	6eac7b07bcbf43a6b2b1c0da3ad87a26d4757df728ff1bfc2cb089752f546e4e	Armbian_community_26.8.0-trunk.413_Mekotronics-r58-minipc_resolute_vendor_6.1.115_gnome_desktop.img.xz	mekotronics-r58-minipc/Resolute_vendor_gnome
mekotronics-r58-minipc	vendor	affected-itb-target	CLEAN	9123	Thu Jul 16 19:44:48 2026	13844480	e515fadf80ceee4c34d9ee66b3abe10efe0717b733d8d693fb59c98e6c6c2f45	Armbian_community_26.8.0-trunk.413_Mekotronics-r58-minipc_resolute_vendor_6.1.115_kde-plasma_desktop.img.xz	mekotronics-r58-minipc/Resolute_vendor_kde-plasma
mekotronics-r58-minipc	vendor	affected-itb-target	CLEAN	9123	Thu Jul 16 19:44:48 2026	13254656	8466c43904785e6193fe49b78042bfe2f74a9d97e53cebdbe6bb3b4b90ce44ae	Armbian_community_26.8.0-trunk.413_Mekotronics-r58-minipc_trixie_vendor_6.1.115_minimal.img.xz	mekotronics-r58-minipc/Trixie_vendor_minimal
mekotronics-r58x	vendor	affected-itb-target	CLEAN	13572	Thu Jul 16 19:45:17 2026	17718656	8c0e12a41202c3797a63f11405bf4b867a2e12c90f46413777da997abf09d3e7	Armbian_community_26.8.0-trunk.413_Mekotronics-r58x_resolute_vendor_6.1.115_gnome_desktop.img.xz	mekotronics-r58x/Resolute_vendor_gnome
mekotronics-r58x	vendor	affected-itb-target	CLEAN	13572	Thu Jul 16 19:45:17 2026	15843328	dba7ff499761392ac14cefa3493b0ed58fed23a6bb671f3c22f8ac94d1c07779	Armbian_community_26.8.0-trunk.413_Mekotronics-r58x_resolute_vendor_6.1.115_kde-plasma_desktop.img.xz	mekotronics-r58x/Resolute_vendor_kde-plasma
mekotronics-r58x	vendor	affected-itb-target	CLEAN	13572	Thu Jul 16 19:45:17 2026	13910016	506abbe71bc81fb29d958043fd617b15a7d2b090acce38729123f51471d0ca32	Armbian_community_26.8.0-trunk.413_Mekotronics-r58x_trixie_vendor_6.1.115_minimal.img.xz	mekotronics-r58x/Trixie_vendor_minimal
mekotronics-r58x-4g	vendor	affected-itb-target	CLEAN	13572	Thu Jul 16 19:44:14 2026	12845056	c3dac5e3b62f8ddadaf3eee8ee4f376daf01e2983b98f504967f61f4a95a8415	Armbian_community_26.8.0-trunk.413_Mekotronics-r58x-4g_resolute_vendor_6.1.115_gnome_desktop.img.xz	mekotronics-r58x-4g/Resolute_vendor_gnome
mekotronics-r58x-4g	vendor	affected-itb-target	CLEAN	13572	Thu Jul 16 19:44:14 2026	12779520	79d07afa0856cbb09aa5b2bfc166d7d841108fdbb9d43df5302a7098919b46f5	Armbian_community_26.8.0-trunk.413_Mekotronics-r58x-4g_resolute_vendor_6.1.115_kde-plasma_desktop.img.xz	mekotronics-r58x-4g/Resolute_vendor_kde-plasma
mekotronics-r58x-4g	vendor	affected-itb-target	CLEAN	13572	Thu Jul 16 19:44:14 2026	13931264	56034ae755850e0109a7f2fd3a6e0fa99e205f986416b0d67b56ac182a5a5590	Armbian_community_26.8.0-trunk.413_Mekotronics-r58x-4g_trixie_vendor_6.1.115_minimal.img.xz	mekotronics-r58x-4g/Trixie_vendor_minimal
mixtile-blade3	vendor	affected-itb-target	CLEAN	12125	Thu Jul 16 19:44:15 2026	12827897	600b6fa525043807a1f92d5b7be76b6df8ed713e3bc96d11cd1a48455962208e	Armbian_community_26.8.0-trunk.413_Mixtile-blade3_resolute_vendor_6.1.115_gnome_desktop.img.xz	mixtile-blade3/Resolute_vendor_gnome
mixtile-blade3	vendor	affected-itb-target	CLEAN	12125	Thu Jul 16 19:44:15 2026	13058048	07bc11241fd02bd133fa26e6321f3fc37c4dbec81a5811a8fdb4ea97e7c898c1	Armbian_community_26.8.0-trunk.413_Mixtile-blade3_resolute_vendor_6.1.115_kde-plasma_desktop.img.xz	mixtile-blade3/Resolute_vendor_kde-plasma
mixtile-blade3	vendor	affected-itb-target	CLEAN	12125	Thu Jul 16 19:44:15 2026	13156352	1e89a78c5cb3bbab4b48d7165969a0db301de845e9f008335b0b7bc885574023	Armbian_community_26.8.0-trunk.413_Mixtile-blade3_trixie_vendor_6.1.115_minimal.img.xz	mixtile-blade3/Trixie_vendor_minimal
mixtile-edge2	vendor	affected-itb-target	CLEAN	25964	Thu Jul 16 19:45:23 2026	12826247	a87646bf1f888080c0f80821053c17a0f48a98033f08b0d7fdf4904879f0f8e0	Armbian_community_26.8.0-trunk.413_Mixtile-edge2_resolute_vendor_6.1.115_gnome_desktop.img.xz	mixtile-edge2/Resolute_vendor_gnome
mixtile-edge2	vendor	affected-itb-target	CLEAN	25964	Thu Jul 16 19:45:23 2026	12844277	104744cf4e44701b4f9333be4e3aa8450140decf0668be340025d45dfa52eaf9	Armbian_community_26.8.0-trunk.413_Mixtile-edge2_resolute_vendor_6.1.115_kde-plasma_desktop.img.xz	mixtile-edge2/Resolute_vendor_kde-plasma
mixtile-edge2	vendor	affected-itb-target	CLEAN	25964	Thu Jul 16 19:45:23 2026	13123584	b20f70ba73c99088ae44c926a0dd8a25c5549886cff194ab43876dbc26fee99f	Armbian_community_26.8.0-trunk.413_Mixtile-edge2_trixie_vendor_6.1.115_minimal.img.xz	mixtile-edge2/Trixie_vendor_minimal
nanopct6	vendor	affected-itb-target	CLEAN	14059	Mon Feb  2 21:18:22 2026	12730368	bf762258d45afb7c1a45cc4f4039447ad3514c6b770aff9e7ce05496494df18f	Armbian_26.2.1_Nanopct6_noble_vendor_6.1.115_gnome_desktop.img.xz	nanopct6/Noble_vendor_gnome
nanopct6	vendor	affected-itb-target	CLEAN	14059	Mon Feb  2 21:18:22 2026	12730368	d394d85093bd9def6c02bf222391d1c17c28bc1bbd29606ff086effcac0456f6	Armbian_26.2.1_Nanopct6_noble_vendor_6.1.115_kde-neon_desktop.img.xz	nanopct6/Noble_vendor_kde-neon
nanopct6	vendor	affected-itb-target	CLEAN	14059	Mon Feb  2 21:18:22 2026	12697600	6647263e39d6117f3112d1115f119226d85a9dafd235e1b95d330fbaeef1097d	Armbian_26.2.1_Nanopct6_noble_vendor_6.1.115_minimal.img.xz	nanopct6/Noble_vendor_minimal
nanopct6	vendor	affected-itb-target	CLEAN	14059	Fri Apr 17 22:18:07 2026	12730368	45075c11cbb934b367a1a105d58462637a4f9724ebbfa7e02c31d391b93c33c7	Armbian_26.2.5_Nanopct6_resolute_vendor_6.1.115_minimal.img.xz	nanopct6/Resolute_vendor_minimal
nanopct6	vendor	affected-itb-target	CLEAN	14059	Mon Feb  9 20:42:55 2026	13024546	585d1a691c21a6cac63f91b48df41f81e2719fe0bb43d6c9089c4bf5f3783069	Armbian_26.2.1_Nanopct6_sid_vendor_6.1.115-kali.img.xz	nanopct6/Sid_vendor_server-kali
nanopct6	vendor	affected-itb-target	CLEAN	14059	Mon Feb  2 21:18:22 2026	12730368	e70bc5835bc36ad3856d128b4e36498ce599fbe6dce7b4aff2b6db51146f13db	Armbian_26.2.1_Nanopct6_trixie_vendor_6.1.115_minimal.img.xz	nanopct6/Trixie_vendor_minimal
nanopct6	vendor	affected-itb-target	CLEAN	14059	Mon Feb  9 20:42:55 2026	13189120	7e8a19eee6ed99568a50362305fae1fab5cfb048ca5b92f3645b867c712de46c	Armbian_26.2.1_Nanopct6_trixie_vendor_6.1.115-omv_minimal.img.xz	nanopct6/Trixie_vendor_minimal-omv
nanopct6	vendor	affected-itb-target	CLEAN	14059	Mon Feb  9 20:42:55 2026	13924149	6753df1dcb2237583e979d840c089ce7f0c9eb3c8648d35654d713e8ff25bcd0	Armbian_26.2.1_Nanopct6_trixie_vendor_6.1.115-homeassistant.img.xz	nanopct6/Trixie_vendor_server-homeassistant
nanopct6	vendor	affected-itb-target	CLEAN	14059	Mon Feb  9 20:42:55 2026	12975387	dc5277c8b3c44a16714ff6245d71dfe9fde3813f38045ee7d5e67ae1658cd4bb	Armbian_26.2.1_Nanopct6_trixie_vendor_6.1.115-openhab.img.xz	nanopct6/Trixie_vendor_server-openhab
nanopct6	vendor	affected-itb-target	CLEAN	14059	Sun Jul 12 23:39:47 2026	12828672	5a8a104733a5c6f2d15e6589fb086f9b98fea7795d0315c20aad6cd028aa0770	Armbian_26.8.0-trunk.400_Nanopct6_forky_vendor_6.1.115_minimal.img.xz	nightly/nanopct6/Forky_vendor_minimal
nanopct6	vendor	affected-itb-target	CLEAN	14059	Sun Jul 12 23:39:47 2026	12943360	7e9996491736ccd1f09ea01c5c3b3b9a73a8d72cb1672de90b049d935ffa6bcd	Armbian_26.8.0-trunk.400_Nanopct6_resolute_vendor_6.1.115_gnome_desktop.img.xz	nightly/nanopct6/Resolute_vendor_gnome
nanopct6-lts	vendor	affected-itb-target	CLEAN	14059	Sun May 24 00:58:45 2026	12730368	9b50a1c28e64edd1781970614a028b5564d7e77ee8314de339503bdfef6f3dbb	Armbian_26.5.1_Nanopct6-lts_resolute_vendor_6.1.115_gnome_desktop.img.xz	nanopct6-lts/Resolute_vendor_gnome
nanopct6-lts	vendor	affected-itb-target	CLEAN	14059	Sun May 24 00:58:45 2026	12713984	669f9f2541c55a9a2d92e387da41a95fc98b83f752858cf3c85d4bbf0e1f3d45	Armbian_26.5.1_Nanopct6-lts_resolute_vendor_6.1.115_kde-plasma_desktop.img.xz	nanopct6-lts/Resolute_vendor_kde-plasma
nanopct6-lts	vendor	affected-itb-target	CLEAN	14059	Sun May 24 00:58:45 2026	12730368	2dbc10102ba3ae4e1666d77ba436fd369b0a84efbee0378a8e42f13d190de825	Armbian_26.5.1_Nanopct6-lts_resolute_vendor_6.1.115_minimal.img.xz	nanopct6-lts/Resolute_vendor_minimal
nanopct6-lts	vendor	affected-itb-target	BROKEN	-	Mon Feb  9 20:41:55 2026	12983680	c5a33011fbd13f585a171d592c06b2baa68c843c8051871d3e784c9a68a980fd	Armbian_26.2.1_Nanopct6-lts_sid_vendor_6.1.115-kali.img.xz	nanopct6-lts/Sid_vendor_server-kali
nanopct6-lts	vendor	affected-itb-target	CLEAN	14059	Sun May 24 00:58:45 2026	12730368	af15d32991877d92e0136623eb3e1ec343b956a1918fe1022fd687d8a6645514	Armbian_26.5.1_Nanopct6-lts_trixie_vendor_6.1.115_minimal.img.xz	nanopct6-lts/Trixie_vendor_minimal
nanopct6-lts	vendor	affected-itb-target	BROKEN	-	Mon Feb  9 20:41:55 2026	12959744	e4bd48637cea69c73220b227d70b076a908e4636f0eb1c47d88a175ee8a8b798	Armbian_26.2.1_Nanopct6-lts_trixie_vendor_6.1.115-omv_minimal.img.xz	nanopct6-lts/Trixie_vendor_minimal-omv
nanopct6-lts	vendor	affected-itb-target	BROKEN	-	Mon Feb  9 20:41:55 2026	13155602	9da0cdc2c03fa4f06d1858c121c1ea283158eb51af91cb7effde187dc922c4ed	Armbian_26.2.1_Nanopct6-lts_trixie_vendor_6.1.115-homeassistant.img.xz	nanopct6-lts/Trixie_vendor_server-homeassistant
nanopct6-lts	vendor	affected-itb-target	BROKEN	-	Mon Feb  9 20:41:55 2026	12860695	76c92ee24ec8f0a2a184ae347460f0b4f48a7269ed9d8a32fde7bc77938cedd0	Armbian_26.2.1_Nanopct6-lts_trixie_vendor_6.1.115-openhab.img.xz	nanopct6-lts/Trixie_vendor_server-openhab
nanopct6-lts	vendor	affected-itb-target	CLEAN	14059	Sun Jul 12 23:36:20 2026	12894208	6f979b3fa6a2ab1ef9b53c21fb12adbc365f09968df6bca1b43191abb855ec6f	Armbian_26.8.0-trunk.400_Nanopct6-lts_forky_vendor_6.1.115_minimal.img.xz	nightly/nanopct6-lts/Forky_vendor_minimal
nanopct6-lts	vendor	affected-itb-target	CLEAN	14059	Sun Jul 12 23:36:20 2026	12860677	f841751073a5c1a5fb1f1ac3239e33b1484091f79f23a13d4a60c41b7c7a6b82	Armbian_26.8.0-trunk.400_Nanopct6-lts_resolute_vendor_6.1.115_gnome_desktop.img.xz	nightly/nanopct6-lts/Resolute_vendor_gnome
nanopi-zero2	current	affected-itb-target	CLEAN	7992	Thu Jul 16 19:45:12 2026	13107200	ed91b7c314a9c5d72858c4b240f71287246fe679007b015194fb1cb30fb8ecf1	Armbian_community_26.8.0-trunk.413_Nanopi-zero2_trixie_current_6.18.38_minimal.img.xz	nanopi-zero2/Trixie_current_minimal
nanopi-zero2	vendor	affected-itb-target	CLEAN	7992	Fri Jul 17 00:18:30 2026	12795904	d678451816753b20d4e20d6cc0f39af5dd24fb37bfaa919acbf2e33506e65604	Armbian_community_26.8.0-trunk.413_Nanopi-zero2_trixie_vendor_6.1.115_minimal.img.xz	nanopi-zero2/Trixie_vendor_minimal
orangepi5b	edge	affected-itb-target	CLEAN	14927	Thu Jul 16 19:45:23 2026	12845056	a88e984a59157a132c1a80d07001d43f81b89437b9e2ae8a28a2385d57244ff0	Armbian_community_26.8.0-trunk.413_Orangepi5b_resolute_edge_7.1.3_gnome_desktop.img.xz	orangepi5b/Resolute_edge_gnome
orangepi5b	edge	affected-itb-target	CLEAN	14927	Thu Jul 16 19:45:23 2026	12958210	362efc578b0891fbbb5a2169453a9cbc0fee20e3c8056ea998b21785a4192c25	Armbian_community_26.8.0-trunk.413_Orangepi5b_resolute_edge_7.1.3_kde-plasma_desktop.img.xz	orangepi5b/Resolute_edge_kde-plasma
orangepi5b	vendor	affected-itb-target	CLEAN	14927	Thu Jul 16 19:44:27 2026	12926581	71cd5939661e8d9c376a90f8a5d46575438c0c5aea474cd2775f3179eb1a885b	Armbian_community_26.8.0-trunk.413_Orangepi5b_resolute_vendor_6.1.115_gnome_desktop.img.xz	orangepi5b/Resolute_vendor_gnome
orangepi5b	vendor	affected-itb-target	CLEAN	14927	Thu Jul 16 19:44:27 2026	13025280	9b2ee2e3ccc975d607c300e0065f9f4c5b6c4839d8ed433faa5536c14d3e2b08	Armbian_community_26.8.0-trunk.413_Orangepi5b_resolute_vendor_6.1.115_kde-plasma_desktop.img.xz	orangepi5b/Resolute_vendor_kde-plasma
orangepi5b	edge	affected-itb-target	CLEAN	14927	Thu Jul 16 19:45:23 2026	12923856	ac0bf1b5b45e5ed8c678d4893288c9b41edcb9d9090ff508d3015dcb2e3dda55	Armbian_community_26.8.0-trunk.413_Orangepi5b_trixie_edge_7.1.3_minimal.img.xz	orangepi5b/Trixie_edge_minimal
orangepi5b	vendor	affected-itb-target	CLEAN	14927	Thu Jul 16 19:44:27 2026	13089219	a7892fffb07bebd1c8d134deeef1f040baf395efd548a93df14ba51deeaeddc9	Armbian_community_26.8.0-trunk.413_Orangepi5b_trixie_vendor_6.1.115_minimal.img.xz	orangepi5b/Trixie_vendor_minimal
orangepi5-max	vendor	affected-itb-target	CLEAN	19157	Thu Jul 16 19:45:13 2026	12759878	1729c3f9b7b05df7f66056fce428a2765c7aca32b5b90bee9f0c76c158b03cb7	Armbian_community_26.8.0-trunk.413_Orangepi5-max_resolute_vendor_6.1.115_gnome_desktop.img.xz	orangepi5-max/Resolute_vendor_gnome
orangepi5-max	vendor	affected-itb-target	CLEAN	19157	Thu Jul 16 19:45:13 2026	12812288	4022cd77f23f971fcf7fe5cae973abf7486eea4b6b0e954767fae3b00d99d5e6	Armbian_community_26.8.0-trunk.413_Orangepi5-max_resolute_vendor_6.1.115_kde-plasma_desktop.img.xz	orangepi5-max/Resolute_vendor_kde-plasma
orangepi5-max	vendor	affected-itb-target	CLEAN	19157	Thu Jul 16 19:45:13 2026	12857546	2f7e897ff64fd859018818a619dedaa7b4c0045f099fc0a50f0cdee5cf867a3a	Armbian_community_26.8.0-trunk.413_Orangepi5-max_trixie_vendor_6.1.115_minimal.img.xz	orangepi5-max/Trixie_vendor_minimal
orangepi5-plus	vendor	affected-itb-target	CLEAN	19745	Sun Jul 12 23:59:28 2026	12795149	be98135302de73b9559bb5a9bce530021e7f91c279965fbc90a9ee0840fad2f9	Armbian_26.8.0-trunk.400_Orangepi5-plus_forky_vendor_6.1.115_minimal.img.xz	nightly/orangepi5-plus/Forky_vendor_minimal
orangepi5-plus	vendor	affected-itb-target	CLEAN	19745	Sun Jul 12 23:59:28 2026	13007288	a1f710e663b3cbfa77c54fc9201963e175bf917bcf983663a8eb1e5e8f6f383a	Armbian_26.8.0-trunk.400_Orangepi5-plus_resolute_vendor_6.1.115_gnome_desktop.img.xz	nightly/orangepi5-plus/Resolute_vendor_gnome
orangepi5-plus	vendor	affected-itb-target	BROKEN	-	Sun May 24 00:59:20 2026	12730368	af686ec441e715db819c20767952ab1d7d670be57817295595734652394f8bd6	Armbian_26.5.1_Orangepi5-plus_resolute_vendor_6.1.115_gnome_desktop.img.xz	orangepi5-plus/Resolute_vendor_gnome
orangepi5-plus	vendor	affected-itb-target	BROKEN	-	Sun May 24 00:59:20 2026	12730368	89dcdd089dd975d974ab68986d47c2eb04899bf68ddf063d4448e15d579559c6	Armbian_26.5.1_Orangepi5-plus_resolute_vendor_6.1.115_kde-plasma_desktop.img.xz	orangepi5-plus/Resolute_vendor_kde-plasma
orangepi5-plus	vendor	affected-itb-target	BROKEN	-	Sun May 24 00:59:20 2026	12730368	083216064a487f10e2b785339d0acf8106f08b237cee93152c8fd4b921378aef	Armbian_26.5.1_Orangepi5-plus_resolute_vendor_6.1.115_minimal.img.xz	orangepi5-plus/Resolute_vendor_minimal
orangepi5-plus	vendor	affected-itb-target	CLEAN	19745	Wed Feb 11 20:08:47 2026	12861440	6f33a98007f6e995248f48ab920af4921c83a3f699a70c0ccf00b8683ec73710	Armbian_26.2.1_Orangepi5-plus_sid_vendor_6.1.115-kali.img.xz	orangepi5-plus/Sid_vendor_server-kali
orangepi5-plus	vendor	affected-itb-target	BROKEN	-	Sun May 24 00:59:20 2026	12713984	6accbb485f8437920f3b16f0b0f5c49e4dce79374c89e2eab1307f936aaa7377	Armbian_26.5.1_Orangepi5-plus_trixie_vendor_6.1.115_minimal.img.xz	orangepi5-plus/Trixie_vendor_minimal
orangepi5-plus	vendor	affected-itb-target	CLEAN	19745	Wed Feb 11 20:08:47 2026	13040914	66a9c995c608292459e09d2933a5c9287354945eb256269ce2d1ed077156c111	Armbian_26.2.1_Orangepi5-plus_trixie_vendor_6.1.115-omv_minimal.img.xz	orangepi5-plus/Trixie_vendor_minimal-omv
orangepi5-plus	vendor	affected-itb-target	CLEAN	19745	Wed Feb 11 20:08:47 2026	13139968	b985c4b54d55afe7d3583caa2ae08ec74589e91c94353d74e569601542efe1ac	Armbian_26.2.1_Orangepi5-plus_trixie_vendor_6.1.115-homeassistant.img.xz	orangepi5-plus/Trixie_vendor_server-homeassistant
orangepi5-plus	vendor	affected-itb-target	CLEAN	19745	Wed Feb 11 20:08:47 2026	12976128	13a14904e3a7e76fa924ced7938d17082de788944e172f354e1bf57931657ef3	Armbian_26.2.1_Orangepi5-plus_trixie_vendor_6.1.115-openhab.img.xz	orangepi5-plus/Trixie_vendor_server-openhab
orangepi5-ultra	current	affected-itb-target	CLEAN	14854	Thu Jul 16 19:45:12 2026	12991296	136a8c0f6b6c663cbd3d5e33c1753d9ac8e582de8c99204f1dea9fb6b9b649ea	Armbian_community_26.8.0-trunk.413_Orangepi5-ultra_resolute_current_6.18.38_gnome_desktop.img.xz	orangepi5-ultra/Resolute_current_gnome
orangepi5-ultra	current	affected-itb-target	CLEAN	14854	Thu Jul 16 19:45:12 2026	12828672	3947cbabb8513bc4aa91acecdb57b79eac7c13385abcfe7800f161b1c0e090fd	Armbian_community_26.8.0-trunk.413_Orangepi5-ultra_resolute_current_6.18.38_kde-plasma_desktop.img.xz	orangepi5-ultra/Resolute_current_kde-plasma
orangepi5-ultra	vendor	affected-itb-target	CLEAN	14854	Thu Jul 16 19:45:16 2026	12809941	2b5f821aa0a8aa3f2023483458ad0bfdda2b69c686f6d622f49508d6473e84a1	Armbian_community_26.8.0-trunk.413_Orangepi5-ultra_resolute_vendor_6.1.115_gnome_desktop.img.xz	orangepi5-ultra/Resolute_vendor_gnome
orangepi5-ultra	vendor	affected-itb-target	CLEAN	14854	Thu Jul 16 19:45:16 2026	12746752	eb100bdfa630ef21f3066b7fcd3525c18c59e588efbacc8d6dceb90299e67793	Armbian_community_26.8.0-trunk.413_Orangepi5-ultra_resolute_vendor_6.1.115_kde-plasma_desktop.img.xz	orangepi5-ultra/Resolute_vendor_kde-plasma
orangepi5-ultra	current	affected-itb-target	CLEAN	14854	Thu Jul 16 19:45:12 2026	12861440	ba645ee0f1edf35cbcc1ad2b344c50af1c4726ce7a653b8b0cd6f48e1da771ad	Armbian_community_26.8.0-trunk.413_Orangepi5-ultra_trixie_current_6.18.38_minimal.img.xz	orangepi5-ultra/Trixie_current_minimal
orangepi5-ultra	vendor	affected-itb-target	CLEAN	14854	Thu Jul 16 19:45:16 2026	12730368	69a644825a14ace3e8e12b276a3dc2419e29a797ada4e69f5c37af2ed4d48c31	Armbian_community_26.8.0-trunk.413_Orangepi5-ultra_trixie_vendor_6.1.115_minimal.img.xz	orangepi5-ultra/Trixie_vendor_minimal
retro-lite-cm5	vendor	affected-itb-target	CLEAN	13473	Thu Jul 16 19:44:30 2026	12943360	4eb94eb775863dc5456a8bec53a477436fb849e03c10268534672e1d015f96f2	Armbian_community_26.8.0-trunk.413_Retro-lite-cm5_resolute_vendor_6.1.115_gnome_desktop.img.xz	retro-lite-cm5/Resolute_vendor_gnome
retro-lite-cm5	vendor	affected-itb-target	CLEAN	13473	Thu Jul 16 19:44:30 2026	12779520	c024600caf1c8bf52a0aa297824763b9ca6e796b6a7f256b060fa55e3bb7e58e	Armbian_community_26.8.0-trunk.413_Retro-lite-cm5_resolute_vendor_6.1.115_kde-plasma_desktop.img.xz	retro-lite-cm5/Resolute_vendor_kde-plasma
retro-lite-cm5	vendor	affected-itb-target	CLEAN	13473	Thu Jul 16 19:44:30 2026	12942594	1ac0207a2a12317a277e6a7478f0c05c782632e1f900847920de1876763d24f0	Armbian_community_26.8.0-trunk.413_Retro-lite-cm5_trixie_vendor_6.1.115_minimal.img.xz	retro-lite-cm5/Trixie_vendor_minimal
station-m2	current	alternate-binman-target	CLEAN	74968	Tue Jul  7 23:12:18 2026	15646720	0df79c58ec572855443f84a62b90d41884e5d76844eb0aba0f36d6cbc01bfdc1	Armbian_community_26.8.0-trunk.413_Station-m2_resolute_current_6.18.38_gnome_desktop.img.xz	station-m2/Resolute_current_gnome
station-m2	current	alternate-binman-target	CLEAN	74968	Tue Jul  7 23:12:18 2026	13008896	1adae4a1425ca26039c82c915ce59ad3f596f9e7fbb74487cf6c5aeba882431a	Armbian_community_26.8.0-trunk.413_Station-m2_resolute_current_6.18.38_kde-plasma_desktop.img.xz	station-m2/Resolute_current_kde-plasma
station-m2	current	alternate-binman-target	CLEAN	74968	Tue Jul  7 23:12:18 2026	12776756	ccfbf222fd4cfbc96dcd7ad5608c667022d3fcba4b82fc47a2f74f7c30ecfc60	Armbian_community_26.8.0-trunk.413_Station-m2_trixie_current_6.18.38_minimal.img.xz	station-m2/Trixie_current_minimal
station-m3	vendor	affected-itb-target	CLEAN	14747	Thu Jul 16 19:45:14 2026	12996288	9390c4595bbc92ca888dbfd5f9315963f4d85c57bb9735c1be58c20c776d6423	Armbian_community_26.8.0-trunk.413_Station-m3_resolute_vendor_6.1.115_gnome_desktop.img.xz	station-m3/Resolute_vendor_gnome
station-m3	vendor	affected-itb-target	CLEAN	14747	Thu Jul 16 19:45:14 2026	13058048	b8b12922b4c8bc9101e304776e5c9c7673a85393985bbb0d0138373759a50a96	Armbian_community_26.8.0-trunk.413_Station-m3_resolute_vendor_6.1.115_kde-plasma_desktop.img.xz	station-m3/Resolute_vendor_kde-plasma
station-m3	vendor	affected-itb-target	CLEAN	14747	Thu Jul 16 19:45:14 2026	12795904	322d5bd0df2a28557467358e86bc730a355a5c814538cef3bbd72785d801d8e1	Armbian_community_26.8.0-trunk.413_Station-m3_trixie_vendor_6.1.115_minimal.img.xz	station-m3/Trixie_vendor_minimal
yy3568	current	affected-itb-target	CLEAN	27318	Thu Jul 16 19:45:26 2026	12812288	953c4996a4152c8557ef84f1633239cc61384f2b6f83d8306213345844b61b3e	Armbian_community_26.8.0-trunk.413_Yy3568_resolute_current_6.18.38_gnome_desktop.img.xz	yy3568/Resolute_current_gnome
yy3568	current	affected-itb-target	CLEAN	27318	Thu Jul 16 19:45:26 2026	12893854	c2b371519fb38fb82eaf1c47892a66aad7c227cc85693cad54e6a01974840f36	Armbian_community_26.8.0-trunk.413_Yy3568_resolute_current_6.18.38_kde-plasma_desktop.img.xz	yy3568/Resolute_current_kde-plasma
yy3568	current	affected-itb-target	CLEAN	27318	Thu Jul 16 19:45:26 2026	12778761	790da5c2350da7208aeba9bc5294f53cabfbcfe875b7d10113a59381b079b1c9	Armbian_community_26.8.0-trunk.413_Yy3568_trixie_current_6.18.38_minimal.img.xz	yy3568/Trixie_current_minimal
