board	branch	image_links	boot_source	boot_branch	boot_patch_dir	target_kind	scope
anbernic-rg-ds	edge	3	https://github.com/u-boot/u-boot.git	tag:v2026.01	v2026.01	u-boot-rockchip.bin	other-u-boot-source
armsom-aim7-io	vendor	3	https://github.com/radxa/u-boot.git	branch:next-dev-v2024.10	legacy/u-boot-radxa-rk35xx	sibling-u-boot.itb	affected-radxa-itb-target
armsom-cm5-io	vendor	3	https://github.com/radxa/u-boot.git	branch:next-dev-v2024.10	legacy/u-boot-radxa-rk35xx	sibling-u-boot.itb	affected-radxa-itb-target
armsom-cm5-rpi-cm4-io	vendor	3	https://github.com/radxa/u-boot.git	branch:next-dev-v2024.10	legacy/u-boot-radxa-rk35xx	sibling-u-boot.itb	affected-radxa-itb-target
armsom-sige1	vendor	3	https://github.com/radxa/u-boot.git	branch:next-dev-v2024.10	legacy/u-boot-radxa-rk35xx	sibling-u-boot.itb	affected-radxa-itb-target
armsom-sige3	vendor	3	https://github.com/radxa/u-boot.git	branch:next-dev-v2024.10	legacy/u-boot-radxa-rk35xx	sibling-u-boot.itb	affected-radxa-itb-target
armsom-sige5	edge	3	https://github.com/radxa/u-boot.git	branch:next-dev-v2024.10	legacy/u-boot-radxa-rk35xx	sibling-u-boot.itb	affected-radxa-itb-target
armsom-sige5	vendor	3	https://github.com/radxa/u-boot.git	branch:next-dev-v2024.10	legacy/u-boot-radxa-rk35xx	sibling-u-boot.itb	affected-radxa-itb-target
armsom-sige7	current	3	https://github.com/radxa/u-boot.git	branch:next-dev-v2024.10	legacy/u-boot-radxa-rk35xx	sibling-u-boot.itb	affected-radxa-itb-target
armsom-sige7	vendor	3	https://github.com/radxa/u-boot.git	branch:next-dev-v2024.10	legacy/u-boot-radxa-rk35xx	sibling-u-boot.itb	affected-radxa-itb-target
armsom-w3	vendor	3	https://github.com/radxa/u-boot.git	branch:next-dev-v2024.10	legacy/u-boot-radxa-rk35xx	sibling-u-boot.itb	affected-radxa-itb-target
bananapim5pro	edge	1	https://github.com/radxa/u-boot.git	branch:next-dev-v2024.10	legacy/u-boot-radxa-rk35xx	sibling-u-boot.itb	affected-radxa-itb-target
bananapim5pro	vendor	11	https://github.com/radxa/u-boot.git	branch:next-dev-v2024.10	legacy/u-boot-radxa-rk35xx	sibling-u-boot.itb	affected-radxa-itb-target
bananapim7	current	5	https://github.com/radxa/u-boot.git	branch:next-dev-v2024.10	legacy/u-boot-radxa-rk35xx	sibling-u-boot.itb	affected-radxa-itb-target
bananapim7	vendor	11	https://github.com/radxa/u-boot.git	branch:next-dev-v2024.10	legacy/u-boot-radxa-rk35xx	sibling-u-boot.itb	affected-radxa-itb-target
cm3588-nas	current	3	https://github.com/u-boot/u-boot.git	tag:v2026.07	v2026.07	u-boot-rockchip.bin	other-u-boot-source
cm3588-nas	vendor	3	https://github.com/u-boot/u-boot.git	tag:v2026.07	v2026.07	u-boot-rockchip.bin	other-u-boot-source
coolpi-cm5	edge	3	https://github.com/Kwiboo/u-boot-rockchip.git	tag:v2024.07	v2024.07-coolpi-cm5	u-boot-rockchip.bin	other-u-boot-source
coolpi-genbook	edge	3	https://github.com/u-boot/u-boot.git	tag:v2025.04	v2025.01-rc3-coolpi-cm5	u-boot-rockchip.bin	other-u-boot-source
coolpi-genbook	vendor	3	https://github.com/u-boot/u-boot.git	tag:v2025.04	v2025.01-rc3-coolpi-cm5	u-boot-rockchip.bin	other-u-boot-source
cyber-aib-rk3588	edge	3	https://github.com/radxa/u-boot.git	branch:next-dev-v2024.10	legacy/u-boot-radxa-rk35xx	sibling-u-boot.itb	affected-radxa-itb-target
cyber-aib-rk3588	vendor	3	https://github.com/radxa/u-boot.git	branch:next-dev-v2024.10	legacy/u-boot-radxa-rk35xx	sibling-u-boot.itb	affected-radxa-itb-target
dshanpi-a1	vendor	3	https://github.com/radxa/u-boot.git	branch:next-dev-v2024.10	legacy/u-boot-radxa-rk35xx	sibling-u-boot.itb	affected-radxa-itb-target
dshanpi-r1	vendor	3	https://github.com/u-boot/u-boot	tag:v2024.10	v2024.10	u-boot-rockchip.bin	other-u-boot-source
easepi-a2	current	2	https://github.com/u-boot/u-boot	tag:v2025.10	v2025.10	u-boot-rockchip.bin	other-u-boot-source
easepi-r2	current	2	https://github.com/u-boot/u-boot	tag:v2025.10	v2025.10	u-boot-rockchip.bin	other-u-boot-source
firefly-itx-3588j	vendor	3	https://github.com/radxa/u-boot.git	branch:next-dev-v2024.10	legacy/u-boot-radxa-rk35xx	sibling-u-boot.itb	affected-radxa-itb-target
fxblox-rk1	vendor	3	https://github.com/radxa/u-boot.git	branch:next-dev-v2024.10	legacy/u-boot-radxa-rk35xx	sibling-u-boot.itb	affected-radxa-itb-target
hinlink-h28k	vendor	3	https://github.com/radxa/u-boot.git	branch:next-dev-v2024.10	legacy/u-boot-radxa-rk35xx	sibling-u-boot.itb	affected-radxa-itb-target
hinlink-h66k	current	3	https://github.com/radxa/u-boot.git	branch:next-dev-v2024.10	legacy/u-boot-radxa-rk35xx	sibling-u-boot.itb	affected-radxa-itb-target
hinlink-h68k	current	3	https://github.com/radxa/u-boot.git	branch:next-dev-v2024.10	legacy/u-boot-radxa-rk35xx	sibling-u-boot.itb	affected-radxa-itb-target
hinlink-h88k	edge	3	https://github.com/radxa/u-boot.git	branch:next-dev-v2024.10	legacy/u-boot-radxa-rk35xx	sibling-u-boot.itb	affected-radxa-itb-target
hinlink-h88k	vendor	3	https://github.com/radxa/u-boot.git	branch:next-dev-v2024.10	legacy/u-boot-radxa-rk35xx	sibling-u-boot.itb	affected-radxa-itb-target
hinlink-hnas	current	3	https://github.com/radxa/u-boot.git	branch:next-dev-v2024.10	legacy/u-boot-radxa-rk35xx	sibling-u-boot.itb	affected-radxa-itb-target
hinlink-ht2	vendor	3	https://github.com/radxa/u-boot.git	branch:next-dev-v2024.10	legacy/u-boot-radxa-rk35xx	sibling-u-boot.itb	affected-radxa-itb-target
imb3588	vendor	7	https://github.com/radxa/u-boot.git	branch:next-dev-v2024.10	legacy/u-boot-radxa-rk35xx	sibling-u-boot.itb	affected-radxa-itb-target
indiedroid-nova	current	3	https://github.com/stvhay/u-boot.git	branch:rockchip-rk3588-unified	legacy	sibling-u-boot.itb	other-u-boot-source
indiedroid-nova	vendor	3	https://github.com/stvhay/u-boot.git	branch:rockchip-rk3588-unified	legacy	sibling-u-boot.itb	other-u-boot-source
jp-tvbox-3566	current	3	https://github.com/radxa/u-boot.git	branch:next-dev-v2024.10	legacy/u-boot-radxa-rk35xx	sibling-u-boot.itb	affected-radxa-itb-target
khadas-edge2	current	5	https://github.com/u-boot/u-boot.git	tag:v2025.10	v2025.10	u-boot-rockchip.bin	other-u-boot-source
khadas-edge2	vendor	11	https://github.com/u-boot/u-boot.git	tag:v2025.10	v2025.10	u-boot-rockchip.bin	other-u-boot-source
lckfb-taishanpi	current	3	https://github.com/u-boot/u-boot	tag:v2025.04	v2025.04	u-boot-rockchip.bin	other-u-boot-source
lckfb-taishanpi	vendor	3	https://github.com/u-boot/u-boot	tag:v2025.04	v2025.04	u-boot-rockchip.bin	other-u-boot-source
lubancat2	edge	3	https://github.com/u-boot/u-boot.git	tag:v2025.04	v2025.04	u-boot-rockchip.bin	other-u-boot-source
lubancat-5io	current	3	https://github.com/u-boot/u-boot.git	tag:v2026.04	v2026.04	u-boot-rockchip.bin	other-u-boot-source
luckfox-core3566	vendor	3	https://github.com/radxa/u-boot.git	branch:rk35xx-2024.01	u-boot-luckfox	u-boot-rockchip.bin	radxa-alternate-target
mangopi-m28k	vendor	3	https://github.com/radxa/u-boot.git	branch:next-dev-v2024.10	legacy/u-boot-radxa-rk35xx	sibling-u-boot.itb	affected-radxa-itb-target
mekotronics-r58-4x4	edge	4	https://github.com/u-boot/u-boot.git	tag:v2026.01	v2026.01	u-boot-rockchip.bin	other-u-boot-source
mekotronics-r58-4x4	vendor	8	https://github.com/radxa/u-boot.git	branch:next-dev-v2024.03	legacy/u-boot-radxa-rk35xx	sibling-u-boot.itb	affected-radxa-itb-target
mekotronics-r58hd	vendor	10	https://github.com/radxa/u-boot.git	branch:next-dev-v2024.03	legacy/u-boot-radxa-rk35xx	sibling-u-boot.itb	affected-radxa-itb-target
mekotronics-r58-minipc	vendor	3	https://github.com/radxa/u-boot.git	branch:next-dev-v2024.03	legacy/u-boot-radxa-rk35xx	sibling-u-boot.itb	affected-radxa-itb-target
mekotronics-r58s2	vendor	6	https://github.com/u-boot/u-boot.git	tag:v2026.04	v2026.04	u-boot-rockchip.bin	other-u-boot-source
mekotronics-r58x-4g	edge	3	https://github.com/u-boot/u-boot.git	tag:v2026.04	v2026.04	u-boot-rockchip.bin	other-u-boot-source
mekotronics-r58x-4g	vendor	3	https://github.com/radxa/u-boot.git	branch:next-dev-v2024.03	legacy/u-boot-radxa-rk35xx	sibling-u-boot.itb	affected-radxa-itb-target
mekotronics-r58x-pro	edge	3	https://github.com/u-boot/u-boot.git	tag:v2026.04	v2026.04	u-boot-rockchip.bin	other-u-boot-source
mekotronics-r58x-pro	vendor	3	https://github.com/u-boot/u-boot.git	tag:v2026.04	v2026.04	u-boot-rockchip.bin	other-u-boot-source
mekotronics-r58x	vendor	3	https://github.com/radxa/u-boot.git	branch:next-dev-v2024.03	legacy/u-boot-radxa-rk35xx	sibling-u-boot.itb	affected-radxa-itb-target
mixtile-blade3	vendor	3	https://github.com/radxa/u-boot.git	branch:next-dev-v2024.03	legacy/u-boot-radxa-rk35xx	sibling-u-boot.itb	affected-radxa-itb-target
mixtile-core3588e	edge	3	https://github.com/u-boot/u-boot.git	tag:v2026.01	v2026.01	u-boot-rockchip.bin	other-u-boot-source
mixtile-core3588e	vendor	3	https://github.com/u-boot/u-boot.git	tag:v2026.01	v2026.01	u-boot-rockchip.bin	other-u-boot-source
mixtile-edge2	current	3	https://github.com/u-boot/u-boot.git	tag:v2026.07	v2026.07/board_mixtile-edge2	u-boot-rockchip.bin	other-u-boot-source
mixtile-edge2	vendor	3	https://github.com/radxa/u-boot.git	branch:next-dev-v2024.10	legacy/u-boot-radxa-rk35xx	sibling-u-boot.itb	affected-radxa-itb-target
nanopct6	current	5	https://github.com/u-boot/u-boot.git	tag:v2026.04	v2026.04	u-boot-rockchip.bin	other-u-boot-source
nanopct6-lts	current	4	https://github.com/u-boot/u-boot.git	tag:v2026.04	v2026.04	u-boot-rockchip.bin	other-u-boot-source
nanopct6-lts	vendor	10	https://github.com/radxa/u-boot.git	branch:next-dev-v2024.10	legacy/u-boot-radxa-rk35xx	sibling-u-boot.itb	affected-radxa-itb-target
nanopct6	vendor	11	https://github.com/radxa/u-boot.git	branch:next-dev-v2024.10	legacy/u-boot-radxa-rk35xx	sibling-u-boot.itb	affected-radxa-itb-target
nanopi-m5	current	4	https://github.com/u-boot/u-boot.git	tag:v2026.04	v2026.04	other	other-u-boot-source
nanopi-m5	vendor	10	https://github.com/u-boot/u-boot.git	tag:v2026.04	v2026.04	other	other-u-boot-source
nanopi-m6	current	4	https://github.com/u-boot/u-boot.git	tag:v2025.10	v2025.10	u-boot-rockchip.bin	other-u-boot-source
nanopi-m6	vendor	10	https://github.com/u-boot/u-boot.git	tag:v2025.10	v2025.10	u-boot-rockchip.bin	other-u-boot-source
nanopi-r3s	current	1	https://github.com/u-boot/u-boot	tag:v2025.04	v2025.04	u-boot-rockchip.bin	other-u-boot-source
nanopi-r3s-lts	current	10	https://github.com/u-boot/u-boot	tag:v2026.04	v2026.04	u-boot-rockchip.bin	other-u-boot-source
nanopi-r6c	current	3	https://github.com/u-boot/u-boot.git	tag:v2026.01	v2026.01	u-boot-rockchip.bin	other-u-boot-source
nanopi-r6c	vendor	3	https://github.com/u-boot/u-boot.git	tag:v2026.01	v2026.01	u-boot-rockchip.bin	other-u-boot-source
nanopi-r6s	current	4	https://github.com/u-boot/u-boot.git	tag:v2025.10	v2025.10	u-boot-rockchip.bin	other-u-boot-source
nanopi-r6s	vendor	10	https://github.com/u-boot/u-boot.git	tag:v2025.10	v2025.10	u-boot-rockchip.bin	other-u-boot-source
nanopi-r76s	edge	4	https://github.com/u-boot/u-boot.git	tag:v2026.04	v2026.04	other	other-u-boot-source
nanopi-r76s	vendor	10	https://github.com/u-boot/u-boot.git	tag:v2026.04	v2026.04	other	other-u-boot-source
nanopi-zero2	current	1	https://github.com/radxa/u-boot.git	branch:next-dev-v2024.10	legacy/u-boot-radxa-rk35xx	sibling-u-boot.itb	affected-radxa-itb-target
nanopi-zero2	vendor	1	https://github.com/radxa/u-boot.git	branch:next-dev-v2024.10	legacy/u-boot-radxa-rk35xx	sibling-u-boot.itb	affected-radxa-itb-target
odroidm1s	current	3	https://github.com/u-boot/u-boot.git	tag:v2025.10	v2025.10	u-boot-rockchip.bin	other-u-boot-source
orangepi3b	current	3	https://github.com/u-boot/u-boot.git	tag:v2026.01	v2026.01	u-boot-rockchip.bin	other-u-boot-source
orangepi3b	vendor	3	https://github.com/u-boot/u-boot.git	tag:v2026.01	v2026.01	u-boot-rockchip.bin	other-u-boot-source
orangepi5b	edge	3	https://github.com/radxa/u-boot.git	branch:next-dev-v2024.10	legacy/u-boot-radxa-rk35xx	sibling-u-boot.itb	affected-radxa-itb-target
orangepi5b	vendor	3	https://github.com/radxa/u-boot.git	branch:next-dev-v2024.10	legacy/u-boot-radxa-rk35xx	sibling-u-boot.itb	affected-radxa-itb-target
orangepi5	current	4	https://github.com/u-boot/u-boot.git	tag:v2026.04	v2026.04	u-boot-rockchip.bin	other-u-boot-source
orangepi5-max	vendor	3	https://github.com/radxa/u-boot.git	branch:next-dev-v2024.10	legacy/u-boot-radxa-rk35xx	sibling-u-boot.itb	affected-radxa-itb-target
orangepi5-plus	current	4	https://github.com/u-boot/u-boot.git	tag:v2026.01	v2026.01	u-boot-rockchip.bin	other-u-boot-source
orangepi5-plus	vendor	10	https://github.com/radxa/u-boot.git	branch:next-dev-v2024.10	legacy/u-boot-radxa-rk35xx	sibling-u-boot.itb	affected-radxa-itb-target
orangepi5pro	current	3	https://github.com/u-boot/u-boot.git	tag:v2025.10	v2025.10	u-boot-rockchip.bin	other-u-boot-source
orangepi5pro	vendor	3	https://github.com/orangepi-xunlong/u-boot-orangepi.git	branch:v2017.09-rk3588	legacy	sibling-u-boot.itb	other-u-boot-source
orangepi5-ultra	current	3	https://github.com/radxa/u-boot.git	branch:next-dev-v2024.10	legacy/u-boot-radxa-rk35xx	sibling-u-boot.itb	affected-radxa-itb-target
orangepi5-ultra	vendor	3	https://github.com/radxa/u-boot.git	branch:next-dev-v2024.10	legacy/u-boot-radxa-rk35xx	sibling-u-boot.itb	affected-radxa-itb-target
orangepi5	vendor	10	https://github.com/u-boot/u-boot.git	tag:v2026.04	v2026.04	u-boot-rockchip.bin	other-u-boot-source
photonicat2	current	3	https://github.com/u-boot/u-boot.git	tag:v2026.04	v2026.04	u-boot-rockchip.bin	other-u-boot-source
retro-lite-cm5	vendor	3	https://github.com/radxa/u-boot.git	branch:next-dev-v2024.10	legacy/u-boot-radxa-rk35xx	sibling-u-boot.itb	affected-radxa-itb-target
rk3566-box-demo	current	3	https://github.com/u-boot/u-boot.git	tag:v2025.10	v2025.10	u-boot-rockchip.bin	other-u-boot-source
station-m2	current	3	https://github.com/radxa/u-boot.git	branch:rk35xx-2024.01	u-boot-radxa-latest	u-boot-rockchip.bin	radxa-alternate-target
station-m3	vendor	3	https://github.com/radxa/u-boot.git	branch:next-dev-v2024.10	legacy/u-boot-radxa-rk35xx	sibling-u-boot.itb	affected-radxa-itb-target
turing-rk1	current	3	https://github.com/u-boot/u-boot.git	tag:v2024.04	v2024.04	u-boot-rockchip.bin	other-u-boot-source
turing-rk1	vendor	3	https://github.com/u-boot/u-boot.git	tag:v2024.04	v2024.04	u-boot-rockchip.bin	other-u-boot-source
youyeetoo-r1-v3	edge	3	https://github.com/u-boot/u-boot.git	tag:v2025.10	v2025.10	u-boot-rockchip.bin	other-u-boot-source
youyeetoo-r1-v3	vendor	3	https://github.com/u-boot/u-boot.git	tag:v2025.10	v2025.10	u-boot-rockchip.bin	other-u-boot-source
youyeetoo-yy3588	vendor	2	https://github.com/u-boot/u-boot.git	tag:v2026.04	v2026.04	u-boot-rockchip.bin	other-u-boot-source
yy3568	current	3	https://github.com/radxa/u-boot.git	branch:next-dev-v2024.10	legacy/u-boot-radxa-rk35xx	sibling-u-boot.itb	affected-radxa-itb-target
